,employee_name,position,salary
0,Сотрудник_1,Разработчик,82525
1,Сотрудник_2,Тестировщик,84992
2,Сотрудник_3,Менеджер,63970
3,Сотрудник_4,Тестировщик,106709
4,Сотрудник_5,Менеджер,101589
5,Сотрудник_6,Разработчик,61463
6,Сотрудник_7,Аналитик,95657
7,Сотрудник_8,Разработчик,77307
8,Сотрудник_9,Аналитик,73819
9,Сотрудник_10,Аналитик,89857
10,Сотрудник_11,Разработчик,112715
11,Сотрудник_12,Аналитик,80202
12,Сотрудник_13,Менеджер,57444
13,Сотрудник_14,Тестировщик,94650
14,Сотрудник_15,Тестировщик,85290
15,Сотрудник_16,Тестировщик,76613
16,Сотрудник_17,Тестировщик,81314
17,Сотрудник_18,Тестировщик,90956
18,Сотрудник_19,Разработчик,82078
19,Сотрудник_20,Разработчик,117875
20,Сотрудник_21,Аналитик,88888
21,Сотрудник_22,Аналитик,99083
22,Сотрудник_23,Аналитик,66910
23,Сотрудник_24,Аналитик,87419
24,Сотрудник_25,Аналитик,85136
25,Сотрудник_26,Разработчик,97462
26,Сотрудник_27,Тестировщик,79442
27,Сотрудник_28,Аналитик,105375
28,Сотрудник_29,Менеджер,105486
29,Сотрудник_30,Тестировщик,112347
30,Сотрудник_31,Менеджер,117442
31,Сотрудник_32,Тестировщик,111717
32,Сотрудник_33,Тестировщик,116052
33,Сотрудник_34,Менеджер,114115
34,Сотрудник_35,Тестировщик,69909
35,Сотрудник_36,Аналитик,63120
36,Сотрудник_37,Тестировщик,58774
37,Сотрудник_38,Тестировщик,91589
38,Сотрудник_39,Разработчик,59777
39,Сотрудник_40,Разработчик,116764
40,Сотрудник_41,Тестировщик,75124
41,Сотрудник_42,Менеджер,67540
42,Сотрудник_43,Разработчик,101314
43,Сотрудник_44,Тестировщик,115439
44,Сотрудник_45,Разработчик,79654
45,Сотрудник_46,Тестировщик,98411
46,Сотрудник_47,Аналитик,102639
47,Сотрудник_48,Тестировщик,67133
48,Сотрудник_49,Аналитик,109061
49,Сотрудник_50,Менеджер,114060
50,Сотрудник_51,Менеджер,83862
51,Сотрудник_52,Аналитик,82059
52,Сотрудник_53,Разработчик,106436
53,Сотрудник_54,Менеджер,61548
54,Сотрудник_55,Менеджер,119289
55,Сотрудник_56,Разработчик,63463
56,Сотрудник_57,Менеджер,66284
57,Сотрудник_58,Разработчик,103966
58,Сотрудник_59,Аналитик,99888
59,Сотрудник_60,Тестировщик,62117
60,Сотрудник_61,Аналитик,116447
61,Сотрудник_62,Аналитик,93277
62,Сотрудник_63,Менеджер,83881
63,Сотрудник_64,Разработчик,80411
64,Сотрудник_65,Аналитик,119674
65,Сотрудник_66,Менеджер,59671
66,Сотрудник_67,Тестировщик,74971
67,Сотрудник_68,Аналитик,102663
68,Сотрудник_69,Разработчик,118072
69,Сотрудник_70,Разработчик,85457
70,Сотрудник_71,Разработчик,50756
71,Сотрудник_72,Разработчик,91787
72,Сотрудник_73,Разработчик,77095
73,Сотрудник_74,Тестировщик,79204
74,Сотрудник_75,Менеджер,109065
75,Сотрудник_76,Аналитик,85046
76,Сотрудник_77,Менеджер,88430
77,Сотрудник_78,Разработчик,67752
78,Сотрудник_79,Аналитик,101535
79,Сотрудник_80,Менеджер,65472
80,Сотрудник_81,Тестировщик,87359
81,Сотрудник_82,Аналитик,112859
82,Сотрудник_83,Разработчик,109497
83,Сотрудник_84,Аналитик,50019
84,Сотрудник_85,Менеджер,105110
85,Сотрудник_86,Тестировщик,114445
86,Сотрудник_87,Тестировщик,83382
87,Сотрудник_88,Аналитик,65103
88,Сотрудник_89,Тестировщик,96560
89,Сотрудник_90,Разработчик,102261
90,Сотрудник_91,Тестировщик,72984
91,Сотрудник_92,Тестировщик,62816
92,Сотрудник_93,Менеджер,52291
93,Сотрудник_94,Разработчик,54297
94,Сотрудник_95,Разработчик,60684
95,Сотрудник_96,Аналитик,90999
96,Сотрудник_97,Менеджер,97924
97,Сотрудник_98,Тестировщик,58402
98,Сотрудник_99,Тестировщик,78605
99,Сотрудник_100,Разработчик,68548
100,Сотрудник_101,Тестировщик,105826
101,Сотрудник_102,Менеджер,99905
102,Сотрудник_103,Разработчик,61771
103,Сотрудник_104,Разработчик,86528
104,Сотрудник_105,Разработчик,96624
105,Сотрудник_106,Менеджер,62473
106,Сотрудник_107,Тестировщик,71967
107,Сотрудник_108,Менеджер,67441
108,Сотрудник_109,Разработчик,71408
109,Сотрудник_110,Разработчик,78384
110,Сотрудник_111,Разработчик,115766
111,Сотрудник_112,Тестировщик,54436
112,Сотрудник_113,Тестировщик,76760
113,Сотрудник_114,Разработчик,83108
114,Сотрудник_115,Менеджер,93008
115,Сотрудник_116,Разработчик,81677
116,Сотрудник_117,Менеджер,66719
117,Сотрудник_118,Аналитик,111061
118,Сотрудник_119,Менеджер,83157
119,Сотрудник_120,Аналитик,73417
120,Сотрудник_121,Менеджер,53393
121,Сотрудник_122,Менеджер,66512
122,Сотрудник_123,Разработчик,69247
123,Сотрудник_124,Тестировщик,52840
124,Сотрудник_125,Разработчик,96686
125,Сотрудник_126,Менеджер,115881
126,Сотрудник_127,Разработчик,88050
127,Сотрудник_128,Тестировщик,69973
128,Сотрудник_129,Аналитик,87472
129,Сотрудник_130,Аналитик,75987
130,Сотрудник_131,Разработчик,93845
131,Сотрудник_132,Разработчик,98030
132,Сотрудник_133,Тестировщик,71954
133,Сотрудник_134,Разработчик,95112
134,Сотрудник_135,Тестировщик,53865
135,Сотрудник_136,Тестировщик,113316
136,Сотрудник_137,Разработчик,56039
137,Сотрудник_138,Разработчик,115049
138,Сотрудник_139,Менеджер,111964
139,Сотрудник_140,Менеджер,94827
140,Сотрудник_141,Аналитик,118713
141,Сотрудник_142,Разработчик,89324
142,Сотрудник_143,Разработчик,56964
143,Сотрудник_144,Разработчик,68605
144,Сотрудник_145,Разработчик,95612
145,Сотрудник_146,Разработчик,81784
146,Сотрудник_147,Менеджер,111803
147,Сотрудник_148,Аналитик,85011
148,Сотрудник_149,Разработчик,82001
149,Сотрудник_150,Аналитик,93937
150,Сотрудник_151,Менеджер,112457
151,Сотрудник_152,Разработчик,100579
152,Сотрудник_153,Аналитик,91725
153,Сотрудник_154,Менеджер,117306
154,Сотрудник_155,Менеджер,117463
155,Сотрудник_156,Разработчик,78764
156,Сотрудник_157,Тестировщик,69756
157,Сотрудник_158,Тестировщик,60932
158,Сотрудник_159,Аналитик,97249
159,Сотрудник_160,Тестировщик,85867
160,Сотрудник_161,Разработчик,91427
161,Сотрудник_162,Менеджер,102798
162,Сотрудник_163,Менеджер,72712
163,Сотрудник_164,Разработчик,89457
164,Сотрудник_165,Тестировщик,50848
165,Сотрудник_166,Менеджер,65779
166,Сотрудник_167,Аналитик,62554
167,Сотрудник_168,Тестировщик,62701
168,Сотрудник_169,Менеджер,73052
169,Сотрудник_170,Тестировщик,92343
170,Сотрудник_171,Разработчик,89052
171,Сотрудник_172,Тестировщик,114434
172,Сотрудник_173,Разработчик,84061
173,Сотрудник_174,Аналитик,110743
174,Сотрудник_175,Тестировщик,56415
175,Сотрудник_176,Аналитик,57117
176,Сотрудник_177,Менеджер,99322
177,Сотрудник_178,Разработчик,57911
178,Сотрудник_179,Разработчик,87967
179,Сотрудник_180,Менеджер,68752
180,Сотрудник_181,Аналитик,65523
181,Сотрудник_182,Аналитик,57013
182,Сотрудник_183,Менеджер,85149
183,Сотрудник_184,Менеджер,106048
184,Сотрудник_185,Тестировщик,53343
185,Сотрудник_186,Менеджер,94177
186,Сотрудник_187,Тестировщик,57987
187,Сотрудник_188,Менеджер,51443
188,Сотрудник_189,Тестировщик,54556
189,Сотрудник_190,Менеджер,51104
190,Сотрудник_191,Тестировщик,93434
191,Сотрудник_192,Менеджер,53695
192,Сотрудник_193,Тестировщик,113992
193,Сотрудник_194,Тестировщик,96336
194,Сотрудник_195,Тестировщик,83744
195,Сотрудник_196,Менеджер,65198
196,Сотрудник_197,Аналитик,54826
197,Сотрудник_198,Разработчик,61861
198,Сотрудник_199,Менеджер,89416
199,Сотрудник_200,Аналитик,77987
200,Сотрудник_201,Аналитик,57785
201,Сотрудник_202,Разработчик,68980
202,Сотрудник_203,Тестировщик,66353
203,Сотрудник_204,Тестировщик,109929
204,Сотрудник_205,Тестировщик,81815
205,Сотрудник_206,Аналитик,52439
206,Сотрудник_207,Менеджер,116447
207,Сотрудник_208,Разработчик,117436
208,Сотрудник_209,Разработчик,112101
209,Сотрудник_210,Тестировщик,73181
210,Сотрудник_211,Разработчик,71183
211,Сотрудник_212,Аналитик,79985
212,Сотрудник_213,Аналитик,70179
213,Сотрудник_214,Тестировщик,104465
214,Сотрудник_215,Менеджер,90197
215,Сотрудник_216,Аналитик,110500
216,Сотрудник_217,Тестировщик,101968
217,Сотрудник_218,Менеджер,66098
218,Сотрудник_219,Менеджер,80064
219,Сотрудник_220,Тестировщик,110322
220,Сотрудник_221,Менеджер,62216
221,Сотрудник_222,Тестировщик,66112
222,Сотрудник_223,Менеджер,55668
223,Сотрудник_224,Тестировщик,51201
224,Сотрудник_225,Разработчик,94195
225,Сотрудник_226,Менеджер,93462
226,Сотрудник_227,Разработчик,67692
227,Сотрудник_228,Аналитик,117382
228,Сотрудник_229,Тестировщик,78290
229,Сотрудник_230,Аналитик,113174
230,Сотрудник_231,Тестировщик,85595
231,Сотрудник_232,Аналитик,67785
232,Сотрудник_233,Тестировщик,100070
233,Сотрудник_234,Аналитик,55874
234,Сотрудник_235,Разработчик,79520
235,Сотрудник_236,Разработчик,69978
236,Сотрудник_237,Тестировщик,99232
237,Сотрудник_238,Менеджер,108526
238,Сотрудник_239,Менеджер,89459
239,Сотрудник_240,Аналитик,107164
240,Сотрудник_241,Менеджер,65920
241,Сотрудник_242,Аналитик,75866
242,Сотрудник_243,Аналитик,111120
243,Сотрудник_244,Разработчик,59295
244,Сотрудник_245,Аналитик,116957
245,Сотрудник_246,Аналитик,109253
246,Сотрудник_247,Менеджер,65394
247,Сотрудник_248,Менеджер,94676
248,Сотрудник_249,Менеджер,65967
249,Сотрудник_250,Тестировщик,53117
250,Сотрудник_251,Тестировщик,54236
251,Сотрудник_252,Аналитик,58363
252,Сотрудник_253,Аналитик,113088
253,Сотрудник_254,Аналитик,114224
254,Сотрудник_255,Аналитик,88101
255,Сотрудник_256,Тестировщик,57000
256,Сотрудник_257,Менеджер,65018
257,Сотрудник_258,Менеджер,84771
258,Сотрудник_259,Разработчик,78197
259,Сотрудник_260,Менеджер,114173
260,Сотрудник_261,Разработчик,116975
261,Сотрудник_262,Менеджер,82136
262,Сотрудник_263,Разработчик,95441
263,Сотрудник_264,Аналитик,81153
264,Сотрудник_265,Менеджер,61749
265,Сотрудник_266,Аналитик,62660
266,Сотрудник_267,Тестировщик,109661
267,Сотрудник_268,Аналитик,65111
268,Сотрудник_269,Разработчик,79149
269,Сотрудник_270,Аналитик,82754
270,Сотрудник_271,Аналитик,119298
271,Сотрудник_272,Разработчик,101645
272,Сотрудник_273,Аналитик,99052
273,Сотрудник_274,Менеджер,52123
274,Сотрудник_275,Разработчик,99940
275,Сотрудник_276,Тестировщик,64154
276,Сотрудник_277,Менеджер,80656
277,Сотрудник_278,Менеджер,102483
278,Сотрудник_279,Тестировщик,52163
279,Сотрудник_280,Аналитик,79501
280,Сотрудник_281,Менеджер,65832
281,Сотрудник_282,Разработчик,84508
282,Сотрудник_283,Разработчик,60182
283,Сотрудник_284,Аналитик,108116
284,Сотрудник_285,Менеджер,92153
285,Сотрудник_286,Менеджер,96387
286,Сотрудник_287,Аналитик,92869
287,Сотрудник_288,Тестировщик,96276
288,Сотрудник_289,Тестировщик,57942
289,Сотрудник_290,Менеджер,62572
290,Сотрудник_291,Разработчик,71671
291,Сотрудник_292,Тестировщик,117777
292,Сотрудник_293,Разработчик,85842
293,Сотрудник_294,Аналитик,67818
294,Сотрудник_295,Тестировщик,80604
295,Сотрудник_296,Аналитик,119145
296,Сотрудник_297,Тестировщик,101028
297,Сотрудник_298,Менеджер,101303
298,Сотрудник_299,Тестировщик,76585
299,Сотрудник_300,Разработчик,74183
300,Сотрудник_301,Разработчик,92254
301,Сотрудник_302,Аналитик,101644
302,Сотрудник_303,Аналитик,61289
303,Сотрудник_304,Аналитик,55330
304,Сотрудник_305,Менеджер,65048
305,Сотрудник_306,Тестировщик,72937
306,Сотрудник_307,Разработчик,84650
307,Сотрудник_308,Тестировщик,52855
308,Сотрудник_309,Тестировщик,56404
309,Сотрудник_310,Аналитик,60645
310,Сотрудник_311,Тестировщик,72704
311,Сотрудник_312,Разработчик,74598
312,Сотрудник_313,Разработчик,80390
313,Сотрудник_314,Разработчик,65216
314,Сотрудник_315,Разработчик,71893
315,Сотрудник_316,Тестировщик,83931
316,Сотрудник_317,Тестировщик,66718
317,Сотрудник_318,Разработчик,60163
318,Сотрудник_319,Разработчик,83318
319,Сотрудник_320,Тестировщик,105525
320,Сотрудник_321,Разработчик,117108
321,Сотрудник_322,Тестировщик,63198
322,Сотрудник_323,Тестировщик,50438
323,Сотрудник_324,Менеджер,55799
324,Сотрудник_325,Разработчик,98804
325,Сотрудник_326,Разработчик,52556
326,Сотрудник_327,Разработчик,51577
327,Сотрудник_328,Аналитик,88608
328,Сотрудник_329,Аналитик,96726
329,Сотрудник_330,Разработчик,81481
330,Сотрудник_331,Разработчик,100921
331,Сотрудник_332,Разработчик,62531
332,Сотрудник_333,Менеджер,62839
333,Сотрудник_334,Разработчик,94568
334,Сотрудник_335,Аналитик,110220
335,Сотрудник_336,Аналитик,100530
336,Сотрудник_337,Тестировщик,115729
337,Сотрудник_338,Менеджер,52037
338,Сотрудник_339,Тестировщик,57523
339,Сотрудник_340,Разработчик,119350
340,Сотрудник_341,Аналитик,83299
341,Сотрудник_342,Аналитик,86280
342,Сотрудник_343,Разработчик,100979
343,Сотрудник_344,Аналитик,100006
344,Сотрудник_345,Менеджер,50243
345,Сотрудник_346,Аналитик,101838
346,Сотрудник_347,Разработчик,50984
347,Сотрудник_348,Разработчик,91521
348,Сотрудник_349,Разработчик,86958
349,Сотрудник_350,Тестировщик,52783
350,Сотрудник_351,Тестировщик,66140
351,Сотрудник_352,Аналитик,119096
352,Сотрудник_353,Менеджер,107608
353,Сотрудник_354,Разработчик,112789
354,Сотрудник_355,Менеджер,107540
355,Сотрудник_356,Разработчик,67267
356,Сотрудник_357,Менеджер,104909
357,Сотрудник_358,Тестировщик,50702
358,Сотрудник_359,Аналитик,97595
359,Сотрудник_360,Тестировщик,104364
360,Сотрудник_361,Разработчик,67249
361,Сотрудник_362,Аналитик,119985
362,Сотрудник_363,Тестировщик,73060
363,Сотрудник_364,Тестировщик,67384
364,Сотрудник_365,Тестировщик,113792
365,Сотрудник_366,Тестировщик,62636
366,Сотрудник_367,Менеджер,95516
367,Сотрудник_368,Менеджер,113220
368,Сотрудник_369,Аналитик,93535
369,Сотрудник_370,Тестировщик,94309
370,Сотрудник_371,Разработчик,111782
371,Сотрудник_372,Менеджер,94928
372,Сотрудник_373,Аналитик,106180
373,Сотрудник_374,Разработчик,103929
374,Сотрудник_375,Аналитик,112551
375,Сотрудник_376,Менеджер,114358
376,Сотрудник_377,Тестировщик,96773
377,Сотрудник_378,Разработчик,117249
378,Сотрудник_379,Тестировщик,56904
379,Сотрудник_380,Разработчик,52930
380,Сотрудник_381,Тестировщик,66854
381,Сотрудник_382,Тестировщик,52837
382,Сотрудник_383,Менеджер,107132
383,Сотрудник_384,Разработчик,99656
384,Сотрудник_385,Разработчик,96955
385,Сотрудник_386,Менеджер,118515
386,Сотрудник_387,Разработчик,86267
387,Сотрудник_388,Разработчик,88326
388,Сотрудник_389,Аналитик,99242
389,Сотрудник_390,Менеджер,109841
390,Сотрудник_391,Менеджер,54245
391,Сотрудник_392,Менеджер,107925
392,Сотрудник_393,Тестировщик,55339
393,Сотрудник_394,Тестировщик,79539
394,Сотрудник_395,Разработчик,80461
395,Сотрудник_396,Тестировщик,59095
396,Сотрудник_397,Аналитик,73782
397,Сотрудник_398,Разработчик,55402
398,Сотрудник_399,Тестировщик,56521
399,Сотрудник_400,Разработчик,87345
400,Сотрудник_401,Разработчик,76434
401,Сотрудник_402,Менеджер,85840
402,Сотрудник_403,Разработчик,88772
403,Сотрудник_404,Разработчик,62217
404,Сотрудник_405,Разработчик,111899
405,Сотрудник_406,Менеджер,106403
406,Сотрудник_407,Аналитик,102491
407,Сотрудник_408,Менеджер,83242
408,Сотрудник_409,Менеджер,99844
409,Сотрудник_410,Менеджер,77598
410,Сотрудник_411,Аналитик,99182
411,Сотрудник_412,Тестировщик,62434
412,Сотрудник_413,Менеджер,76801
413,Сотрудник_414,Разработчик,110487
414,Сотрудник_415,Менеджер,108048
415,Сотрудник_416,Менеджер,67960
416,Сотрудник_417,Менеджер,94604
417,Сотрудник_418,Аналитик,83394
418,Сотрудник_419,Аналитик,113102
419,Сотрудник_420,Разработчик,98880
420,Сотрудник_421,Разработчик,88819
421,Сотрудник_422,Разработчик,52798
422,Сотрудник_423,Тестировщик,108311
423,Сотрудник_424,Аналитик,84713
424,Сотрудник_425,Тестировщик,90956
425,Сотрудник_426,Аналитик,104307
426,Сотрудник_427,Аналитик,58649
427,Сотрудник_428,Разработчик,64579
428,Сотрудник_429,Тестировщик,56620
429,Сотрудник_430,Аналитик,99803
430,Сотрудник_431,Аналитик,53221
431,Сотрудник_432,Аналитик,103884
432,Сотрудник_433,Менеджер,72478
433,Сотрудник_434,Менеджер,99028
434,Сотрудник_435,Аналитик,50421
435,Сотрудник_436,Разработчик,119750
436,Сотрудник_437,Тестировщик,97695
437,Сотрудник_438,Менеджер,85178
438,Сотрудник_439,Аналитик,118235
439,Сотрудник_440,Разработчик,61908
440,Сотрудник_441,Разработчик,119848
441,Сотрудник_442,Аналитик,107322
442,Сотрудник_443,Разработчик,92544
443,Сотрудник_444,Тестировщик,70611
444,Сотрудник_445,Тестировщик,98174
445,Сотрудник_446,Тестировщик,59830
446,Сотрудник_447,Аналитик,50612
447,Сотрудник_448,Тестировщик,64823
448,Сотрудник_449,Разработчик,106358
449,Сотрудник_450,Аналитик,82612
450,Сотрудник_451,Тестировщик,65402
451,Сотрудник_452,Менеджер,75059
452,Сотрудник_453,Разработчик,83818
453,Сотрудник_454,Тестировщик,83784
454,Сотрудник_455,Аналитик,117149
455,Сотрудник_456,Разработчик,100716
456,Сотрудник_457,Тестировщик,91493
457,Сотрудник_458,Аналитик,51107
458,Сотрудник_459,Аналитик,50081
459,Сотрудник_460,Аналитик,115201
460,Сотрудник_461,Тестировщик,99047
461,Сотрудник_462,Менеджер,95861
462,Сотрудник_463,Разработчик,51175
463,Сотрудник_464,Тестировщик,105580
464,Сотрудник_465,Аналитик,92957
465,Сотрудник_466,Аналитик,88498
466,Сотрудник_467,Разработчик,79594
467,Сотрудник_468,Аналитик,77282
468,Сотрудник_469,Тестировщик,79691
469,Сотрудник_470,Разработчик,54069
470,Сотрудник_471,Менеджер,71904
471,Сотрудник_472,Менеджер,107473
472,Сотрудник_473,Тестировщик,54763
473,Сотрудник_474,Разработчик,57411
474,Сотрудник_475,Тестировщик,112050
475,Сотрудник_476,Аналитик,96329
476,Сотрудник_477,Разработчик,82882
477,Сотрудник_478,Тестировщик,115331
478,Сотрудник_479,Разработчик,88003
479,Сотрудник_480,Тестировщик,119900
480,Сотрудник_481,Менеджер,93903
481,Сотрудник_482,Тестировщик,114603
482,Сотрудник_483,Аналитик,112538
483,Сотрудник_484,Менеджер,102450
484,Сотрудник_485,Аналитик,71039
485,Сотрудник_486,Аналитик,74030
486,Сотрудник_487,Тестировщик,80806
487,Сотрудник_488,Тестировщик,111681
488,Сотрудник_489,Разработчик,59977
489,Сотрудник_490,Разработчик,111405
490,Сотрудник_491,Менеджер,97047
491,Сотрудник_492,Разработчик,50043
492,Сотрудник_493,Разработчик,96910
493,Сотрудник_494,Менеджер,115113
494,Сотрудник_495,Аналитик,59548
495,Сотрудник_496,Разработчик,105422
496,Сотрудник_497,Менеджер,111820
497,Сотрудник_498,Разработчик,67273
498,Сотрудник_499,Менеджер,96360
499,Сотрудник_500,Разработчик,56414
500,Сотрудник_501,Тестировщик,103434
501,Сотрудник_502,Менеджер,114287
502,Сотрудник_503,Тестировщик,51130
503,Сотрудник_504,Аналитик,88094
504,Сотрудник_505,Менеджер,78902
505,Сотрудник_506,Аналитик,70299
506,Сотрудник_507,Разработчик,85169
507,Сотрудник_508,Аналитик,83932
508,Сотрудник_509,Аналитик,100781
509,Сотрудник_510,Менеджер,89935
510,Сотрудник_511,Тестировщик,56820
511,Сотрудник_512,Разработчик,118142
512,Сотрудник_513,Разработчик,90209
513,Сотрудник_514,Менеджер,91864
514,Сотрудник_515,Тестировщик,113333
515,Сотрудник_516,Разработчик,54861
516,Сотрудник_517,Аналитик,81877
517,Сотрудник_518,Разработчик,65425
518,Сотрудник_519,Менеджер,59301
519,Сотрудник_520,Менеджер,68280
520,Сотрудник_521,Тестировщик,67075
521,Сотрудник_522,Разработчик,65796
522,Сотрудник_523,Тестировщик,105730
523,Сотрудник_524,Разработчик,82618
524,Сотрудник_525,Разработчик,115590
525,Сотрудник_526,Тестировщик,88765
526,Сотрудник_527,Менеджер,54637
527,Сотрудник_528,Тестировщик,93854
528,Сотрудник_529,Тестировщик,78542
529,Сотрудник_530,Разработчик,119615
530,Сотрудник_531,Разработчик,78215
531,Сотрудник_532,Менеджер,70208
532,Сотрудник_533,Разработчик,78296
533,Сотрудник_534,Тестировщик,83155
534,Сотрудник_535,Аналитик,98460
535,Сотрудник_536,Разработчик,97904
536,Сотрудник_537,Аналитик,86433
537,Сотрудник_538,Аналитик,103887
538,Сотрудник_539,Разработчик,61357
539,Сотрудник_540,Тестировщик,67981
540,Сотрудник_541,Тестировщик,104899
541,Сотрудник_542,Разработчик,115800
542,Сотрудник_543,Менеджер,116223
543,Сотрудник_544,Тестировщик,87330
544,Сотрудник_545,Менеджер,82332
545,Сотрудник_546,Разработчик,99385
546,Сотрудник_547,Разработчик,101580
547,Сотрудник_548,Аналитик,102319
548,Сотрудник_549,Аналитик,89319
549,Сотрудник_550,Разработчик,54995
550,Сотрудник_551,Менеджер,111080
551,Сотрудник_552,Менеджер,106409
552,Сотрудник_553,Аналитик,53340
553,Сотрудник_554,Аналитик,114554
554,Сотрудник_555,Тестировщик,50301
555,Сотрудник_556,Аналитик,109980
556,Сотрудник_557,Менеджер,78053
557,Сотрудник_558,Аналитик,119912
558,Сотрудник_559,Разработчик,73698
559,Сотрудник_560,Менеджер,80111
560,Сотрудник_561,Менеджер,88747
561,Сотрудник_562,Аналитик,84492
562,Сотрудник_563,Менеджер,98164
563,Сотрудник_564,Менеджер,57222
564,Сотрудник_565,Менеджер,80468
565,Сотрудник_566,Аналитик,60375
566,Сотрудник_567,Тестировщик,69246
567,Сотрудник_568,Аналитик,113856
568,Сотрудник_569,Разработчик,61236
569,Сотрудник_570,Аналитик,94012
570,Сотрудник_571,Тестировщик,70534
571,Сотрудник_572,Менеджер,104785
572,Сотрудник_573,Аналитик,81621
573,Сотрудник_574,Разработчик,100894
574,Сотрудник_575,Менеджер,102571
575,Сотрудник_576,Аналитик,95449
576,Сотрудник_577,Тестировщик,73789
577,Сотрудник_578,Аналитик,109380
578,Сотрудник_579,Тестировщик,52930
579,Сотрудник_580,Аналитик,118032
580,Сотрудник_581,Тестировщик,104948
581,Сотрудник_582,Менеджер,113477
582,Сотрудник_583,Менеджер,80919
583,Сотрудник_584,Тестировщик,83361
584,Сотрудник_585,Аналитик,101814
585,Сотрудник_586,Тестировщик,89484
586,Сотрудник_587,Менеджер,99477
587,Сотрудник_588,Менеджер,97557
588,Сотрудник_589,Разработчик,78433
589,Сотрудник_590,Менеджер,95056
590,Сотрудник_591,Менеджер,95651
591,Сотрудник_592,Разработчик,78522
592,Сотрудник_593,Разработчик,76414
593,Сотрудник_594,Тестировщик,50612
594,Сотрудник_595,Разработчик,97903
595,Сотрудник_596,Аналитик,114356
596,Сотрудник_597,Аналитик,50029
597,Сотрудник_598,Тестировщик,76307
598,Сотрудник_599,Разработчик,90011
599,Сотрудник_600,Аналитик,67011
600,Сотрудник_601,Менеджер,94051
601,Сотрудник_602,Аналитик,94294
602,Сотрудник_603,Разработчик,93909
603,Сотрудник_604,Аналитик,117256
604,Сотрудник_605,Менеджер,113890
605,Сотрудник_606,Аналитик,105420
606,Сотрудник_607,Менеджер,96586
607,Сотрудник_608,Тестировщик,101186
608,Сотрудник_609,Менеджер,78976
609,Сотрудник_610,Аналитик,117342
610,Сотрудник_611,Разработчик,64982
611,Сотрудник_612,Аналитик,112416
612,Сотрудник_613,Менеджер,86862
613,Сотрудник_614,Тестировщик,62129
614,Сотрудник_615,Менеджер,99459
615,Сотрудник_616,Тестировщик,95996
616,Сотрудник_617,Аналитик,53342
617,Сотрудник_618,Разработчик,89140
618,Сотрудник_619,Разработчик,114651
619,Сотрудник_620,Аналитик,52852
620,Сотрудник_621,Тестировщик,88200
621,Сотрудник_622,Разработчик,89052
622,Сотрудник_623,Аналитик,107849
623,Сотрудник_624,Разработчик,50107
624,Сотрудник_625,Тестировщик,66857
625,Сотрудник_626,Аналитик,87248
626,Сотрудник_627,Аналитик,61321
627,Сотрудник_628,Разработчик,100923
628,Сотрудник_629,Разработчик,92109
629,Сотрудник_630,Менеджер,92654
630,Сотрудник_631,Менеджер,80356
631,Сотрудник_632,Аналитик,114962
632,Сотрудник_633,Разработчик,105973
633,Сотрудник_634,Менеджер,82988
634,Сотрудник_635,Разработчик,108936
635,Сотрудник_636,Менеджер,96624
636,Сотрудник_637,Тестировщик,111019
637,Сотрудник_638,Менеджер,62661
638,Сотрудник_639,Тестировщик,63583
639,Сотрудник_640,Менеджер,108236
640,Сотрудник_641,Аналитик,85827
641,Сотрудник_642,Разработчик,112719
642,Сотрудник_643,Аналитик,77186
643,Сотрудник_644,Разработчик,115302
644,Сотрудник_645,Тестировщик,95312
645,Сотрудник_646,Разработчик,91299
646,Сотрудник_647,Разработчик,55137
647,Сотрудник_648,Разработчик,107869
648,Сотрудник_649,Менеджер,90573
649,Сотрудник_650,Менеджер,102150
650,Сотрудник_651,Разработчик,94003
651,Сотрудник_652,Менеджер,105833
652,Сотрудник_653,Менеджер,119366
653,Сотрудник_654,Тестировщик,95696
654,Сотрудник_655,Аналитик,92240
655,Сотрудник_656,Аналитик,66579
656,Сотрудник_657,Аналитик,58706
657,Сотрудник_658,Разработчик,53090
658,Сотрудник_659,Разработчик,70015
659,Сотрудник_660,Аналитик,55245
660,Сотрудник_661,Разработчик,92458
661,Сотрудник_662,Аналитик,109164
662,Сотрудник_663,Разработчик,55124
663,Сотрудник_664,Тестировщик,103568
664,Сотрудник_665,Тестировщик,75579
665,Сотрудник_666,Менеджер,59837
666,Сотрудник_667,Аналитик,77119
667,Сотрудник_668,Менеджер,74691
668,Сотрудник_669,Тестировщик,64647
669,Сотрудник_670,Менеджер,73236
670,Сотрудник_671,Тестировщик,58006
671,Сотрудник_672,Аналитик,57993
672,Сотрудник_673,Аналитик,91133
673,Сотрудник_674,Тестировщик,108269
674,Сотрудник_675,Аналитик,69784
675,Сотрудник_676,Разработчик,78233
676,Сотрудник_677,Аналитик,63869
677,Сотрудник_678,Разработчик,114760
678,Сотрудник_679,Менеджер,84082
679,Сотрудник_680,Разработчик,66322
680,Сотрудник_681,Аналитик,103910
681,Сотрудник_682,Менеджер,78927
682,Сотрудник_683,Аналитик,79229
683,Сотрудник_684,Аналитик,78126
684,Сотрудник_685,Разработчик,108332
685,Сотрудник_686,Разработчик,78021
686,Сотрудник_687,Аналитик,80599
687,Сотрудник_688,Менеджер,115990
688,Сотрудник_689,Разработчик,96001
689,Сотрудник_690,Менеджер,86442
690,Сотрудник_691,Аналитик,79431
691,Сотрудник_692,Разработчик,105275
692,Сотрудник_693,Тестировщик,86105
693,Сотрудник_694,Менеджер,107870
694,Сотрудник_695,Менеджер,117272
695,Сотрудник_696,Аналитик,108531
696,Сотрудник_697,Аналитик,88048
697,Сотрудник_698,Тестировщик,68203
698,Сотрудник_699,Менеджер,89498
699,Сотрудник_700,Тестировщик,88218
700,Сотрудник_701,Аналитик,94977
701,Сотрудник_702,Разработчик,80261
702,Сотрудник_703,Аналитик,92229
703,Сотрудник_704,Разработчик,65326
704,Сотрудник_705,Аналитик,55388
705,Сотрудник_706,Тестировщик,64883
706,Сотрудник_707,Аналитик,118813
707,Сотрудник_708,Аналитик,77837
708,Сотрудник_709,Аналитик,73055
709,Сотрудник_710,Менеджер,99224
710,Сотрудник_711,Разработчик,91764
711,Сотрудник_712,Разработчик,54107
712,Сотрудник_713,Тестировщик,78008
713,Сотрудник_714,Разработчик,114888
714,Сотрудник_715,Менеджер,75021
715,Сотрудник_716,Тестировщик,109274
716,Сотрудник_717,Тестировщик,114444
717,Сотрудник_718,Тестировщик,64088
718,Сотрудник_719,Аналитик,71362
719,Сотрудник_720,Аналитик,92531
720,Сотрудник_721,Разработчик,101882
721,Сотрудник_722,Разработчик,53008
722,Сотрудник_723,Аналитик,79062
723,Сотрудник_724,Менеджер,53582
724,Сотрудник_725,Менеджер,115133
725,Сотрудник_726,Разработчик,94315
726,Сотрудник_727,Тестировщик,71153
727,Сотрудник_728,Аналитик,115602
728,Сотрудник_729,Разработчик,92878
729,Сотрудник_730,Менеджер,68320
730,Сотрудник_731,Разработчик,91682
731,Сотрудник_732,Разработчик,76967
732,Сотрудник_733,Менеджер,93181
733,Сотрудник_734,Разработчик,62728
734,Сотрудник_735,Тестировщик,104042
735,Сотрудник_736,Аналитик,81053
736,Сотрудник_737,Менеджер,109998
737,Сотрудник_738,Менеджер,62478
738,Сотрудник_739,Аналитик,91702
739,Сотрудник_740,Разработчик,115284
740,Сотрудник_741,Тестировщик,98764
741,Сотрудник_742,Аналитик,61840
742,Сотрудник_743,Аналитик,113961
743,Сотрудник_744,Менеджер,101043
744,Сотрудник_745,Менеджер,72182
745,Сотрудник_746,Аналитик,108079
746,Сотрудник_747,Менеджер,72638
747,Сотрудник_748,Аналитик,86517
748,Сотрудник_749,Тестировщик,67248
749,Сотрудник_750,Тестировщик,58585
750,Сотрудник_751,Аналитик,107863
751,Сотрудник_752,Тестировщик,107380
752,Сотрудник_753,Разработчик,99971
753,Сотрудник_754,Менеджер,79593
754,Сотрудник_755,Аналитик,78614
755,Сотрудник_756,Тестировщик,68313
756,Сотрудник_757,Аналитик,114948
757,Сотрудник_758,Разработчик,65067
758,Сотрудник_759,Менеджер,86801
759,Сотрудник_760,Тестировщик,99016
760,Сотрудник_761,Разработчик,95630
761,Сотрудник_762,Тестировщик,68513
762,Сотрудник_763,Разработчик,82848
763,Сотрудник_764,Разработчик,66922
764,Сотрудник_765,Менеджер,76919
765,Сотрудник_766,Менеджер,56738
766,Сотрудник_767,Разработчик,99465
767,Сотрудник_768,Тестировщик,67995
768,Сотрудник_769,Менеджер,91185
769,Сотрудник_770,Менеджер,56809
770,Сотрудник_771,Аналитик,104044
771,Сотрудник_772,Аналитик,53877
772,Сотрудник_773,Тестировщик,80443
773,Сотрудник_774,Разработчик,76327
774,Сотрудник_775,Разработчик,108399
775,Сотрудник_776,Тестировщик,100212
776,Сотрудник_777,Аналитик,85930
777,Сотрудник_778,Менеджер,82725
778,Сотрудник_779,Менеджер,85080
779,Сотрудник_780,Разработчик,108343
780,Сотрудник_781,Разработчик,61316
781,Сотрудник_782,Разработчик,79552
782,Сотрудник_783,Разработчик,52504
783,Сотрудник_784,Аналитик,81074
784,Сотрудник_785,Разработчик,94390
785,Сотрудник_786,Разработчик,110877
786,Сотрудник_787,Менеджер,51509
787,Сотрудник_788,Аналитик,108181
788,Сотрудник_789,Менеджер,60201
789,Сотрудник_790,Менеджер,50505
790,Сотрудник_791,Менеджер,96925
791,Сотрудник_792,Тестировщик,66697
792,Сотрудник_793,Аналитик,113801
793,Сотрудник_794,Тестировщик,55052
794,Сотрудник_795,Разработчик,53389
795,Сотрудник_796,Менеджер,86344
796,Сотрудник_797,Менеджер,103147
797,Сотрудник_798,Аналитик,84062
798,Сотрудник_799,Аналитик,75920
799,Сотрудник_800,Аналитик,108044
800,Сотрудник_801,Аналитик,74002
801,Сотрудник_802,Менеджер,78217
802,Сотрудник_803,Аналитик,50541
803,Сотрудник_804,Тестировщик,98120
804,Сотрудник_805,Тестировщик,94343
805,Сотрудник_806,Аналитик,65319
806,Сотрудник_807,Менеджер,82471
807,Сотрудник_808,Аналитик,60152
808,Сотрудник_809,Тестировщик,108081
809,Сотрудник_810,Разработчик,110828
810,Сотрудник_811,Тестировщик,99587
811,Сотрудник_812,Менеджер,73160
812,Сотрудник_813,Тестировщик,76741
813,Сотрудник_814,Аналитик,77794
814,Сотрудник_815,Разработчик,91616
815,Сотрудник_816,Разработчик,86712
816,Сотрудник_817,Тестировщик,61653
817,Сотрудник_818,Менеджер,118745
818,Сотрудник_819,Аналитик,75801
819,Сотрудник_820,Разработчик,117398
820,Сотрудник_821,Разработчик,51481
821,Сотрудник_822,Тестировщик,105360
822,Сотрудник_823,Аналитик,82684
823,Сотрудник_824,Аналитик,52768
824,Сотрудник_825,Менеджер,59466
825,Сотрудник_826,Разработчик,103234
826,Сотрудник_827,Аналитик,63945
827,Сотрудник_828,Разработчик,72192
828,Сотрудник_829,Тестировщик,80682
829,Сотрудник_830,Аналитик,103520
830,Сотрудник_831,Менеджер,54544
831,Сотрудник_832,Тестировщик,63512
832,Сотрудник_833,Аналитик,69122
833,Сотрудник_834,Тестировщик,79533
834,Сотрудник_835,Менеджер,112927
835,Сотрудник_836,Менеджер,50966
836,Сотрудник_837,Аналитик,96036
837,Сотрудник_838,Аналитик,116093
838,Сотрудник_839,Аналитик,99569
839,Сотрудник_840,Аналитик,51826
840,Сотрудник_841,Аналитик,86412
841,Сотрудник_842,Аналитик,119041
842,Сотрудник_843,Менеджер,83951
843,Сотрудник_844,Тестировщик,56008
844,Сотрудник_845,Тестировщик,73059
845,Сотрудник_846,Аналитик,76990
846,Сотрудник_847,Тестировщик,74689
847,Сотрудник_848,Аналитик,105487
848,Сотрудник_849,Менеджер,60361
849,Сотрудник_850,Тестировщик,76114
850,Сотрудник_851,Тестировщик,109132
851,Сотрудник_852,Тестировщик,54779
852,Сотрудник_853,Менеджер,66774
853,Сотрудник_854,Разработчик,109450
854,Сотрудник_855,Тестировщик,63801
855,Сотрудник_856,Менеджер,89429
856,Сотрудник_857,Менеджер,107860
857,Сотрудник_858,Тестировщик,117506
858,Сотрудник_859,Тестировщик,104987
859,Сотрудник_860,Менеджер,94772
860,Сотрудник_861,Аналитик,64292
861,Сотрудник_862,Аналитик,66262
862,Сотрудник_863,Тестировщик,76332
863,Сотрудник_864,Тестировщик,60975
864,Сотрудник_865,Разработчик,101620
865,Сотрудник_866,Менеджер,100861
866,Сотрудник_867,Тестировщик,99419
867,Сотрудник_868,Тестировщик,97167
868,Сотрудник_869,Аналитик,54202
869,Сотрудник_870,Разработчик,93794
870,Сотрудник_871,Разработчик,68103
871,Сотрудник_872,Менеджер,98596
872,Сотрудник_873,Аналитик,93811
873,Сотрудник_874,Аналитик,61299
874,Сотрудник_875,Аналитик,101958
875,Сотрудник_876,Разработчик,106165
876,Сотрудник_877,Разработчик,56041
877,Сотрудник_878,Разработчик,107848
878,Сотрудник_879,Тестировщик,89395
879,Сотрудник_880,Менеджер,78899
880,Сотрудник_881,Разработчик,65511
881,Сотрудник_882,Менеджер,62598
882,Сотрудник_883,Тестировщик,74700
883,Сотрудник_884,Аналитик,94847
884,Сотрудник_885,Тестировщик,80111
885,Сотрудник_886,Тестировщик,63728
886,Сотрудник_887,Тестировщик,111514
887,Сотрудник_888,Аналитик,61160
888,Сотрудник_889,Разработчик,91347
889,Сотрудник_890,Менеджер,104686
890,Сотрудник_891,Менеджер,94476
891,Сотрудник_892,Разработчик,103939
892,Сотрудник_893,Аналитик,53205
893,Сотрудник_894,Менеджер,119473
894,Сотрудник_895,Менеджер,54078
895,Сотрудник_896,Тестировщик,61758
896,Сотрудник_897,Менеджер,94605
897,Сотрудник_898,Аналитик,57939
898,Сотрудник_899,Тестировщик,92201
899,Сотрудник_900,Тестировщик,111089
900,Сотрудник_901,Тестировщик,94137
901,Сотрудник_902,Менеджер,77091
902,Сотрудник_903,Аналитик,85255
903,Сотрудник_904,Аналитик,83387
904,Сотрудник_905,Аналитик,87777
905,Сотрудник_906,Аналитик,80485
906,Сотрудник_907,Аналитик,101456
907,Сотрудник_908,Менеджер,50043
908,Сотрудник_909,Тестировщик,109084
909,Сотрудник_910,Аналитик,111098
910,Сотрудник_911,Разработчик,50318
911,Сотрудник_912,Менеджер,74262
912,Сотрудник_913,Разработчик,114831
913,Сотрудник_914,Тестировщик,110696
914,Сотрудник_915,Тестировщик,86710
915,Сотрудник_916,Разработчик,102977
916,Сотрудник_917,Тестировщик,104138
917,Сотрудник_918,Аналитик,85045
918,Сотрудник_919,Разработчик,108428
919,Сотрудник_920,Тестировщик,91372
920,Сотрудник_921,Разработчик,51894
921,Сотрудник_922,Менеджер,104534
922,Сотрудник_923,Разработчик,53118
923,Сотрудник_924,Разработчик,92567
924,Сотрудник_925,Менеджер,99367
925,Сотрудник_926,Разработчик,55442
926,Сотрудник_927,Разработчик,101104
927,Сотрудник_928,Аналитик,89711
928,Сотрудник_929,Аналитик,77351
929,Сотрудник_930,Разработчик,92294
930,Сотрудник_931,Тестировщик,55669
931,Сотрудник_932,Разработчик,101289
932,Сотрудник_933,Менеджер,59463
933,Сотрудник_934,Менеджер,85877
934,Сотрудник_935,Тестировщик,99054
935,Сотрудник_936,Тестировщик,90762
936,Сотрудник_937,Аналитик,94471
937,Сотрудник_938,Разработчик,96430
938,Сотрудник_939,Тестировщик,87441
939,Сотрудник_940,Разработчик,114558
940,Сотрудник_941,Разработчик,50538
941,Сотрудник_942,Менеджер,62253
942,Сотрудник_943,Тестировщик,58766
943,Сотрудник_944,Разработчик,93741
944,Сотрудник_945,Тестировщик,54976
945,Сотрудник_946,Тестировщик,102639
946,Сотрудник_947,Менеджер,79633
947,Сотрудник_948,Аналитик,93207
948,Сотрудник_949,Менеджер,56605
949,Сотрудник_950,Аналитик,84631
950,Сотрудник_951,Аналитик,59614
951,Сотрудник_952,Тестировщик,101465
952,Сотрудник_953,Тестировщик,91855
953,Сотрудник_954,Аналитик,117964
954,Сотрудник_955,Аналитик,99989
955,Сотрудник_956,Аналитик,75004
956,Сотрудник_957,Менеджер,113750
957,Сотрудник_958,Разработчик,119782
958,Сотрудник_959,Разработчик,104341
959,Сотрудник_960,Разработчик,54930
960,Сотрудник_961,Разработчик,61391
961,Сотрудник_962,Тестировщик,55518
962,Сотрудник_963,Менеджер,56916
963,Сотрудник_964,Аналитик,103484
964,Сотрудник_965,Разработчик,73208
965,Сотрудник_966,Разработчик,59732
966,Сотрудник_967,Тестировщик,118310
967,Сотрудник_968,Менеджер,102372
968,Сотрудник_969,Разработчик,58996
969,Сотрудник_970,Менеджер,92401
970,Сотрудник_971,Разработчик,96431
971,Сотрудник_972,Менеджер,62036
972,Сотрудник_973,Разработчик,88441
973,Сотрудник_974,Разработчик,119008
974,Сотрудник_975,Разработчик,55430
975,Сотрудник_976,Разработчик,109804
976,Сотрудник_977,Менеджер,92890
977,Сотрудник_978,Тестировщик,109329
978,Сотрудник_979,Менеджер,68380
979,Сотрудник_980,Разработчик,88873
980,Сотрудник_981,Разработчик,87243
981,Сотрудник_982,Тестировщик,119221
982,Сотрудник_983,Аналитик,104359
983,Сотрудник_984,Аналитик,115400
984,Сотрудник_985,Аналитик,104896
985,Сотрудник_986,Менеджер,104218
986,Сотрудник_987,Тестировщик,96145
987,Сотрудник_988,Менеджер,89295
988,Сотрудник_989,Менеджер,69601
989,Сотрудник_990,Разработчик,107029
990,Сотрудник_991,Менеджер,95805
991,Сотрудник_992,Менеджер,106831
992,Сотрудник_993,Тестировщик,80624
993,Сотрудник_994,Разработчик,81041
994,Сотрудник_995,Менеджер,51130
995,Сотрудник_996,Тестировщик,51498
996,Сотрудник_997,Аналитик,98212
997,Сотрудник_998,Тестировщик,65105
998,Сотрудник_999,Менеджер,68242
999,Сотрудник_1000,Менеджер,99562
1000,Сотрудник_1001,Тестировщик,66960
1001,Сотрудник_1002,Тестировщик,82556
1002,Сотрудник_1003,Аналитик,97906
1003,Сотрудник_1004,Аналитик,61000
1004,Сотрудник_1005,Разработчик,119870
1005,Сотрудник_1006,Аналитик,106479
1006,Сотрудник_1007,Менеджер,76240
1007,Сотрудник_1008,Тестировщик,52023
1008,Сотрудник_1009,Тестировщик,118615
1009,Сотрудник_1010,Менеджер,107379
1010,Сотрудник_1011,Менеджер,52556
1011,Сотрудник_1012,Аналитик,119695
1012,Сотрудник_1013,Аналитик,117648
1013,Сотрудник_1014,Тестировщик,109243
1014,Сотрудник_1015,Тестировщик,92826
1015,Сотрудник_1016,Менеджер,102780
1016,Сотрудник_1017,Тестировщик,77758
1017,Сотрудник_1018,Разработчик,91602
1018,Сотрудник_1019,Менеджер,71303
1019,Сотрудник_1020,Аналитик,65698
1020,Сотрудник_1021,Менеджер,54953
1021,Сотрудник_1022,Разработчик,53306
1022,Сотрудник_1023,Аналитик,54127
1023,Сотрудник_1024,Аналитик,75932
1024,Сотрудник_1025,Тестировщик,69768
1025,Сотрудник_1026,Разработчик,104598
1026,Сотрудник_1027,Разработчик,105675
1027,Сотрудник_1028,Разработчик,100487
1028,Сотрудник_1029,Разработчик,82134
1029,Сотрудник_1030,Тестировщик,102407
1030,Сотрудник_1031,Тестировщик,85501
1031,Сотрудник_1032,Менеджер,91201
1032,Сотрудник_1033,Менеджер,86494
1033,Сотрудник_1034,Менеджер,85428
1034,Сотрудник_1035,Менеджер,105561
1035,Сотрудник_1036,Аналитик,88688
1036,Сотрудник_1037,Аналитик,70478
1037,Сотрудник_1038,Разработчик,72872
1038,Сотрудник_1039,Тестировщик,101837
1039,Сотрудник_1040,Тестировщик,82915
1040,Сотрудник_1041,Разработчик,82959
1041,Сотрудник_1042,Разработчик,63016
1042,Сотрудник_1043,Тестировщик,50628
1043,Сотрудник_1044,Аналитик,76521
1044,Сотрудник_1045,Разработчик,61497
1045,Сотрудник_1046,Менеджер,103946
1046,Сотрудник_1047,Аналитик,107523
1047,Сотрудник_1048,Тестировщик,66372
1048,Сотрудник_1049,Разработчик,59370
1049,Сотрудник_1050,Менеджер,50684
1050,Сотрудник_1051,Аналитик,97270
1051,Сотрудник_1052,Аналитик,101069
1052,Сотрудник_1053,Менеджер,107158
1053,Сотрудник_1054,Тестировщик,108277
1054,Сотрудник_1055,Менеджер,115625
1055,Сотрудник_1056,Тестировщик,80109
1056,Сотрудник_1057,Менеджер,119024
1057,Сотрудник_1058,Тестировщик,77743
1058,Сотрудник_1059,Тестировщик,110588
1059,Сотрудник_1060,Менеджер,85581
1060,Сотрудник_1061,Менеджер,97245
1061,Сотрудник_1062,Тестировщик,65333
1062,Сотрудник_1063,Разработчик,67977
1063,Сотрудник_1064,Менеджер,100251
1064,Сотрудник_1065,Аналитик,100694
1065,Сотрудник_1066,Тестировщик,103622
1066,Сотрудник_1067,Разработчик,77075
1067,Сотрудник_1068,Разработчик,90618
1068,Сотрудник_1069,Аналитик,115634
1069,Сотрудник_1070,Тестировщик,111152
1070,Сотрудник_1071,Разработчик,67212
1071,Сотрудник_1072,Менеджер,65198
1072,Сотрудник_1073,Аналитик,85575
1073,Сотрудник_1074,Тестировщик,77974
1074,Сотрудник_1075,Аналитик,64623
1075,Сотрудник_1076,Аналитик,100542
1076,Сотрудник_1077,Аналитик,72836
1077,Сотрудник_1078,Аналитик,59246
1078,Сотрудник_1079,Разработчик,109612
1079,Сотрудник_1080,Аналитик,109433
1080,Сотрудник_1081,Тестировщик,83277
1081,Сотрудник_1082,Тестировщик,53360
1082,Сотрудник_1083,Менеджер,56907
1083,Сотрудник_1084,Тестировщик,106608
1084,Сотрудник_1085,Аналитик,80758
1085,Сотрудник_1086,Аналитик,118071
1086,Сотрудник_1087,Менеджер,52241
1087,Сотрудник_1088,Разработчик,102354
1088,Сотрудник_1089,Менеджер,118754
1089,Сотрудник_1090,Менеджер,56275
1090,Сотрудник_1091,Тестировщик,77030
1091,Сотрудник_1092,Тестировщик,86085
1092,Сотрудник_1093,Разработчик,55420
1093,Сотрудник_1094,Аналитик,81519
1094,Сотрудник_1095,Аналитик,101302
1095,Сотрудник_1096,Разработчик,54467
1096,Сотрудник_1097,Разработчик,108985
1097,Сотрудник_1098,Менеджер,52831
1098,Сотрудник_1099,Менеджер,97472
1099,Сотрудник_1100,Тестировщик,57720
1100,Сотрудник_1101,Аналитик,81635
1101,Сотрудник_1102,Тестировщик,66533
1102,Сотрудник_1103,Аналитик,83678
1103,Сотрудник_1104,Разработчик,91953
1104,Сотрудник_1105,Разработчик,85667
1105,Сотрудник_1106,Разработчик,88984
1106,Сотрудник_1107,Разработчик,112142
1107,Сотрудник_1108,Тестировщик,86227
1108,Сотрудник_1109,Менеджер,96027
1109,Сотрудник_1110,Аналитик,58494
1110,Сотрудник_1111,Аналитик,56037
1111,Сотрудник_1112,Менеджер,111156
1112,Сотрудник_1113,Разработчик,87578
1113,Сотрудник_1114,Менеджер,85441
1114,Сотрудник_1115,Разработчик,53435
1115,Сотрудник_1116,Аналитик,64810
1116,Сотрудник_1117,Тестировщик,82711
1117,Сотрудник_1118,Тестировщик,56307
1118,Сотрудник_1119,Разработчик,114102
1119,Сотрудник_1120,Менеджер,103323
1120,Сотрудник_1121,Тестировщик,86124
1121,Сотрудник_1122,Аналитик,68857
1122,Сотрудник_1123,Тестировщик,87046
1123,Сотрудник_1124,Менеджер,77299
1124,Сотрудник_1125,Тестировщик,110601
1125,Сотрудник_1126,Аналитик,94986
1126,Сотрудник_1127,Аналитик,108827
1127,Сотрудник_1128,Аналитик,96852
1128,Сотрудник_1129,Аналитик,117264
1129,Сотрудник_1130,Разработчик,108067
1130,Сотрудник_1131,Менеджер,108536
1131,Сотрудник_1132,Аналитик,65309
1132,Сотрудник_1133,Тестировщик,94050
1133,Сотрудник_1134,Менеджер,52843
1134,Сотрудник_1135,Тестировщик,88570
1135,Сотрудник_1136,Тестировщик,82608
1136,Сотрудник_1137,Тестировщик,66343
1137,Сотрудник_1138,Менеджер,59228
1138,Сотрудник_1139,Аналитик,114553
1139,Сотрудник_1140,Разработчик,100084
1140,Сотрудник_1141,Тестировщик,115946
1141,Сотрудник_1142,Тестировщик,72262
1142,Сотрудник_1143,Тестировщик,95534
1143,Сотрудник_1144,Тестировщик,52141
1144,Сотрудник_1145,Менеджер,92268
1145,Сотрудник_1146,Аналитик,101908
1146,Сотрудник_1147,Тестировщик,77762
1147,Сотрудник_1148,Аналитик,52301
1148,Сотрудник_1149,Разработчик,111424
1149,Сотрудник_1150,Менеджер,81581
1150,Сотрудник_1151,Тестировщик,109219
1151,Сотрудник_1152,Тестировщик,101949
1152,Сотрудник_1153,Аналитик,52786
1153,Сотрудник_1154,Менеджер,118513
1154,Сотрудник_1155,Менеджер,104702
1155,Сотрудник_1156,Менеджер,69365
1156,Сотрудник_1157,Разработчик,84574
1157,Сотрудник_1158,Разработчик,100955
1158,Сотрудник_1159,Тестировщик,99229
1159,Сотрудник_1160,Тестировщик,58245
1160,Сотрудник_1161,Аналитик,88205
1161,Сотрудник_1162,Разработчик,98106
1162,Сотрудник_1163,Разработчик,71837
1163,Сотрудник_1164,Разработчик,91229
1164,Сотрудник_1165,Менеджер,91265
1165,Сотрудник_1166,Тестировщик,76086
1166,Сотрудник_1167,Тестировщик,117679
1167,Сотрудник_1168,Тестировщик,60915
1168,Сотрудник_1169,Аналитик,60921
1169,Сотрудник_1170,Аналитик,54458
1170,Сотрудник_1171,Тестировщик,59630
1171,Сотрудник_1172,Аналитик,61883
1172,Сотрудник_1173,Аналитик,105470
1173,Сотрудник_1174,Менеджер,61022
1174,Сотрудник_1175,Менеджер,118430
1175,Сотрудник_1176,Менеджер,90091
1176,Сотрудник_1177,Разработчик,99027
1177,Сотрудник_1178,Менеджер,96367
1178,Сотрудник_1179,Менеджер,80652
1179,Сотрудник_1180,Аналитик,105454
1180,Сотрудник_1181,Разработчик,99580
1181,Сотрудник_1182,Разработчик,68462
1182,Сотрудник_1183,Аналитик,87644
1183,Сотрудник_1184,Разработчик,114240
1184,Сотрудник_1185,Менеджер,116681
1185,Сотрудник_1186,Менеджер,91621
1186,Сотрудник_1187,Менеджер,116917
1187,Сотрудник_1188,Разработчик,100931
1188,Сотрудник_1189,Аналитик,95298
1189,Сотрудник_1190,Менеджер,102004
1190,Сотрудник_1191,Разработчик,70411
1191,Сотрудник_1192,Аналитик,58988
1192,Сотрудник_1193,Тестировщик,96393
1193,Сотрудник_1194,Тестировщик,77944
1194,Сотрудник_1195,Разработчик,117819
1195,Сотрудник_1196,Менеджер,108966
1196,Сотрудник_1197,Тестировщик,91366
1197,Сотрудник_1198,Разработчик,91894
1198,Сотрудник_1199,Аналитик,113461
1199,Сотрудник_1200,Разработчик,69129
1200,Сотрудник_1201,Аналитик,57211
1201,Сотрудник_1202,Аналитик,51178
1202,Сотрудник_1203,Разработчик,84763
1203,Сотрудник_1204,Аналитик,112785
1204,Сотрудник_1205,Тестировщик,52963
1205,Сотрудник_1206,Разработчик,94998
1206,Сотрудник_1207,Менеджер,66065
1207,Сотрудник_1208,Тестировщик,119039
1208,Сотрудник_1209,Аналитик,53301
1209,Сотрудник_1210,Менеджер,79267
1210,Сотрудник_1211,Тестировщик,88811
1211,Сотрудник_1212,Тестировщик,95559
1212,Сотрудник_1213,Разработчик,76245
1213,Сотрудник_1214,Разработчик,117744
1214,Сотрудник_1215,Аналитик,87169
1215,Сотрудник_1216,Тестировщик,52408
1216,Сотрудник_1217,Аналитик,96653
1217,Сотрудник_1218,Аналитик,63774
1218,Сотрудник_1219,Разработчик,54344
1219,Сотрудник_1220,Аналитик,61142
1220,Сотрудник_1221,Разработчик,106501
1221,Сотрудник_1222,Разработчик,68727
1222,Сотрудник_1223,Тестировщик,59000
1223,Сотрудник_1224,Аналитик,51644
1224,Сотрудник_1225,Разработчик,55387
1225,Сотрудник_1226,Аналитик,50364
1226,Сотрудник_1227,Тестировщик,67555
1227,Сотрудник_1228,Аналитик,89625
1228,Сотрудник_1229,Разработчик,100419
1229,Сотрудник_1230,Менеджер,87063
1230,Сотрудник_1231,Менеджер,88862
1231,Сотрудник_1232,Аналитик,113422
1232,Сотрудник_1233,Разработчик,57269
1233,Сотрудник_1234,Аналитик,97285
1234,Сотрудник_1235,Менеджер,90123
1235,Сотрудник_1236,Менеджер,56842
1236,Сотрудник_1237,Тестировщик,63346
1237,Сотрудник_1238,Аналитик,89391
1238,Сотрудник_1239,Аналитик,65184
1239,Сотрудник_1240,Тестировщик,82230
1240,Сотрудник_1241,Менеджер,91454
1241,Сотрудник_1242,Тестировщик,90256
1242,Сотрудник_1243,Тестировщик,116518
1243,Сотрудник_1244,Разработчик,96236
1244,Сотрудник_1245,Разработчик,107840
1245,Сотрудник_1246,Аналитик,55912
1246,Сотрудник_1247,Менеджер,75992
1247,Сотрудник_1248,Менеджер,95162
1248,Сотрудник_1249,Аналитик,73520
1249,Сотрудник_1250,Менеджер,111132
1250,Сотрудник_1251,Тестировщик,75090
1251,Сотрудник_1252,Разработчик,52264
1252,Сотрудник_1253,Разработчик,65608
1253,Сотрудник_1254,Менеджер,72678
1254,Сотрудник_1255,Тестировщик,61212
1255,Сотрудник_1256,Менеджер,80715
1256,Сотрудник_1257,Разработчик,105123
1257,Сотрудник_1258,Разработчик,117368
1258,Сотрудник_1259,Разработчик,75700
1259,Сотрудник_1260,Тестировщик,85985
1260,Сотрудник_1261,Менеджер,88511
1261,Сотрудник_1262,Аналитик,59737
1262,Сотрудник_1263,Менеджер,60141
1263,Сотрудник_1264,Аналитик,105805
1264,Сотрудник_1265,Аналитик,108147
1265,Сотрудник_1266,Тестировщик,94978
1266,Сотрудник_1267,Аналитик,89955
1267,Сотрудник_1268,Тестировщик,109800
1268,Сотрудник_1269,Тестировщик,102183
1269,Сотрудник_1270,Аналитик,104922
1270,Сотрудник_1271,Разработчик,56928
1271,Сотрудник_1272,Разработчик,72559
1272,Сотрудник_1273,Тестировщик,90469
1273,Сотрудник_1274,Менеджер,119613
1274,Сотрудник_1275,Тестировщик,51355
1275,Сотрудник_1276,Аналитик,80321
1276,Сотрудник_1277,Тестировщик,99961
1277,Сотрудник_1278,Менеджер,71444
1278,Сотрудник_1279,Тестировщик,74031
1279,Сотрудник_1280,Разработчик,64466
1280,Сотрудник_1281,Аналитик,117808
1281,Сотрудник_1282,Тестировщик,94993
1282,Сотрудник_1283,Разработчик,111667
1283,Сотрудник_1284,Менеджер,78749
1284,Сотрудник_1285,Тестировщик,115656
1285,Сотрудник_1286,Тестировщик,93675
1286,Сотрудник_1287,Менеджер,100481
1287,Сотрудник_1288,Аналитик,97311
1288,Сотрудник_1289,Аналитик,93957
1289,Сотрудник_1290,Менеджер,69083
1290,Сотрудник_1291,Менеджер,107264
1291,Сотрудник_1292,Тестировщик,57799
1292,Сотрудник_1293,Аналитик,73835
1293,Сотрудник_1294,Аналитик,117188
1294,Сотрудник_1295,Разработчик,89913
1295,Сотрудник_1296,Тестировщик,114745
1296,Сотрудник_1297,Менеджер,54332
1297,Сотрудник_1298,Аналитик,98563
1298,Сотрудник_1299,Разработчик,109517
1299,Сотрудник_1300,Менеджер,92557
1300,Сотрудник_1301,Тестировщик,50281
1301,Сотрудник_1302,Менеджер,93027
1302,Сотрудник_1303,Разработчик,50806
1303,Сотрудник_1304,Тестировщик,78204
1304,Сотрудник_1305,Тестировщик,112281
1305,Сотрудник_1306,Разработчик,73353
1306,Сотрудник_1307,Аналитик,102854
1307,Сотрудник_1308,Тестировщик,92812
1308,Сотрудник_1309,Менеджер,93899
1309,Сотрудник_1310,Разработчик,97315
1310,Сотрудник_1311,Тестировщик,62623
1311,Сотрудник_1312,Разработчик,115994
1312,Сотрудник_1313,Тестировщик,86640
1313,Сотрудник_1314,Аналитик,78791
1314,Сотрудник_1315,Тестировщик,113789
1315,Сотрудник_1316,Тестировщик,92241
1316,Сотрудник_1317,Тестировщик,66770
1317,Сотрудник_1318,Аналитик,51996
1318,Сотрудник_1319,Разработчик,83236
1319,Сотрудник_1320,Аналитик,102662
1320,Сотрудник_1321,Тестировщик,83427
1321,Сотрудник_1322,Разработчик,63128
1322,Сотрудник_1323,Разработчик,107398
1323,Сотрудник_1324,Аналитик,60190
1324,Сотрудник_1325,Аналитик,96985
1325,Сотрудник_1326,Тестировщик,74742
1326,Сотрудник_1327,Тестировщик,115922
1327,Сотрудник_1328,Тестировщик,67014
1328,Сотрудник_1329,Тестировщик,82101
1329,Сотрудник_1330,Менеджер,119914
1330,Сотрудник_1331,Аналитик,107544
1331,Сотрудник_1332,Менеджер,76896
1332,Сотрудник_1333,Тестировщик,101244
1333,Сотрудник_1334,Разработчик,118628
1334,Сотрудник_1335,Менеджер,60998
1335,Сотрудник_1336,Тестировщик,113736
1336,Сотрудник_1337,Разработчик,100313
1337,Сотрудник_1338,Разработчик,53317
1338,Сотрудник_1339,Аналитик,95996
1339,Сотрудник_1340,Разработчик,69614
1340,Сотрудник_1341,Менеджер,84640
1341,Сотрудник_1342,Менеджер,51752
1342,Сотрудник_1343,Менеджер,106565
1343,Сотрудник_1344,Аналитик,57212
1344,Сотрудник_1345,Аналитик,90439
1345,Сотрудник_1346,Тестировщик,60180
1346,Сотрудник_1347,Разработчик,65985
1347,Сотрудник_1348,Аналитик,100892
1348,Сотрудник_1349,Менеджер,111619
1349,Сотрудник_1350,Разработчик,74999
1350,Сотрудник_1351,Разработчик,84991
1351,Сотрудник_1352,Менеджер,64840
1352,Сотрудник_1353,Аналитик,50253
1353,Сотрудник_1354,Разработчик,107457
1354,Сотрудник_1355,Разработчик,99416
1355,Сотрудник_1356,Тестировщик,63420
1356,Сотрудник_1357,Тестировщик,71456
1357,Сотрудник_1358,Аналитик,106553
1358,Сотрудник_1359,Тестировщик,93760
1359,Сотрудник_1360,Разработчик,102651
1360,Сотрудник_1361,Аналитик,84923
1361,Сотрудник_1362,Менеджер,54139
1362,Сотрудник_1363,Аналитик,63458
1363,Сотрудник_1364,Менеджер,88462
1364,Сотрудник_1365,Аналитик,78641
1365,Сотрудник_1366,Тестировщик,102916
1366,Сотрудник_1367,Менеджер,60753
1367,Сотрудник_1368,Аналитик,111082
1368,Сотрудник_1369,Менеджер,57883
1369,Сотрудник_1370,Разработчик,103060
1370,Сотрудник_1371,Разработчик,118921
1371,Сотрудник_1372,Аналитик,96746
1372,Сотрудник_1373,Аналитик,94691
1373,Сотрудник_1374,Тестировщик,78049
1374,Сотрудник_1375,Разработчик,57478
1375,Сотрудник_1376,Аналитик,66899
1376,Сотрудник_1377,Разработчик,56438
1377,Сотрудник_1378,Менеджер,66759
1378,Сотрудник_1379,Менеджер,58607
1379,Сотрудник_1380,Разработчик,87961
1380,Сотрудник_1381,Разработчик,79343
1381,Сотрудник_1382,Менеджер,78425
1382,Сотрудник_1383,Менеджер,64245
1383,Сотрудник_1384,Менеджер,62465
1384,Сотрудник_1385,Менеджер,113834
1385,Сотрудник_1386,Разработчик,72252
1386,Сотрудник_1387,Аналитик,65586
1387,Сотрудник_1388,Разработчик,79152
1388,Сотрудник_1389,Менеджер,119052
1389,Сотрудник_1390,Тестировщик,99034
1390,Сотрудник_1391,Аналитик,103887
1391,Сотрудник_1392,Разработчик,115170
1392,Сотрудник_1393,Разработчик,101577
1393,Сотрудник_1394,Тестировщик,53132
1394,Сотрудник_1395,Аналитик,89578
1395,Сотрудник_1396,Разработчик,69804
1396,Сотрудник_1397,Разработчик,81182
1397,Сотрудник_1398,Разработчик,84885
1398,Сотрудник_1399,Аналитик,66278
1399,Сотрудник_1400,Менеджер,87227
1400,Сотрудник_1401,Менеджер,81333
1401,Сотрудник_1402,Разработчик,92845
1402,Сотрудник_1403,Аналитик,116320
1403,Сотрудник_1404,Разработчик,116671
1404,Сотрудник_1405,Аналитик,66462
1405,Сотрудник_1406,Тестировщик,82785
1406,Сотрудник_1407,Тестировщик,53261
1407,Сотрудник_1408,Разработчик,67052
1408,Сотрудник_1409,Тестировщик,82154
1409,Сотрудник_1410,Разработчик,97381
1410,Сотрудник_1411,Тестировщик,96064
1411,Сотрудник_1412,Менеджер,101275
1412,Сотрудник_1413,Аналитик,59226
1413,Сотрудник_1414,Тестировщик,118221
1414,Сотрудник_1415,Аналитик,102443
1415,Сотрудник_1416,Менеджер,83301
1416,Сотрудник_1417,Менеджер,63082
1417,Сотрудник_1418,Менеджер,68386
1418,Сотрудник_1419,Аналитик,67639
1419,Сотрудник_1420,Менеджер,92422
1420,Сотрудник_1421,Разработчик,66147
1421,Сотрудник_1422,Аналитик,74460
1422,Сотрудник_1423,Разработчик,62145
1423,Сотрудник_1424,Разработчик,61020
1424,Сотрудник_1425,Аналитик,76402
1425,Сотрудник_1426,Аналитик,71883
1426,Сотрудник_1427,Тестировщик,90446
1427,Сотрудник_1428,Менеджер,107468
1428,Сотрудник_1429,Разработчик,103677
1429,Сотрудник_1430,Разработчик,76668
1430,Сотрудник_1431,Тестировщик,73470
1431,Сотрудник_1432,Менеджер,52486
1432,Сотрудник_1433,Менеджер,107701
1433,Сотрудник_1434,Разработчик,74951
1434,Сотрудник_1435,Разработчик,112912
1435,Сотрудник_1436,Тестировщик,51348
1436,Сотрудник_1437,Аналитик,101743
1437,Сотрудник_1438,Разработчик,95633
1438,Сотрудник_1439,Тестировщик,67794
1439,Сотрудник_1440,Менеджер,82930
1440,Сотрудник_1441,Менеджер,107066
1441,Сотрудник_1442,Менеджер,72138
1442,Сотрудник_1443,Разработчик,110334
1443,Сотрудник_1444,Аналитик,116968
1444,Сотрудник_1445,Аналитик,106996
1445,Сотрудник_1446,Разработчик,93004
1446,Сотрудник_1447,Тестировщик,66995
1447,Сотрудник_1448,Тестировщик,53257
1448,Сотрудник_1449,Разработчик,81747
1449,Сотрудник_1450,Менеджер,64386
1450,Сотрудник_1451,Разработчик,68708
1451,Сотрудник_1452,Менеджер,69677
1452,Сотрудник_1453,Тестировщик,87390
1453,Сотрудник_1454,Менеджер,67687
1454,Сотрудник_1455,Менеджер,100000
1455,Сотрудник_1456,Разработчик,118899
1456,Сотрудник_1457,Аналитик,52783
1457,Сотрудник_1458,Тестировщик,100880
1458,Сотрудник_1459,Тестировщик,82338
1459,Сотрудник_1460,Аналитик,72858
1460,Сотрудник_1461,Разработчик,101805
1461,Сотрудник_1462,Тестировщик,119414
1462,Сотрудник_1463,Менеджер,99973
1463,Сотрудник_1464,Тестировщик,107404
1464,Сотрудник_1465,Менеджер,116288
1465,Сотрудник_1466,Менеджер,64231
1466,Сотрудник_1467,Разработчик,54224
1467,Сотрудник_1468,Менеджер,83040
1468,Сотрудник_1469,Тестировщик,98621
1469,Сотрудник_1470,Разработчик,111707
1470,Сотрудник_1471,Тестировщик,105394
1471,Сотрудник_1472,Тестировщик,60024
1472,Сотрудник_1473,Менеджер,50188
1473,Сотрудник_1474,Тестировщик,116323
1474,Сотрудник_1475,Менеджер,89145
1475,Сотрудник_1476,Менеджер,96134
1476,Сотрудник_1477,Аналитик,94976
1477,Сотрудник_1478,Аналитик,94608
1478,Сотрудник_1479,Разработчик,115551
1479,Сотрудник_1480,Тестировщик,56005
1480,Сотрудник_1481,Разработчик,80340
1481,Сотрудник_1482,Менеджер,72756
1482,Сотрудник_1483,Разработчик,63933
1483,Сотрудник_1484,Менеджер,69262
1484,Сотрудник_1485,Менеджер,102308
1485,Сотрудник_1486,Аналитик,106083
1486,Сотрудник_1487,Разработчик,88025
1487,Сотрудник_1488,Аналитик,78236
1488,Сотрудник_1489,Менеджер,73720
1489,Сотрудник_1490,Менеджер,71055
1490,Сотрудник_1491,Разработчик,51604
1491,Сотрудник_1492,Тестировщик,58578
1492,Сотрудник_1493,Аналитик,68188
1493,Сотрудник_1494,Аналитик,114104
1494,Сотрудник_1495,Менеджер,108105
1495,Сотрудник_1496,Тестировщик,81501
1496,Сотрудник_1497,Менеджер,113543
1497,Сотрудник_1498,Тестировщик,119043
1498,Сотрудник_1499,Аналитик,92101
1499,Сотрудник_1500,Разработчик,96900
1500,Сотрудник_1501,Разработчик,68158
1501,Сотрудник_1502,Аналитик,87433
1502,Сотрудник_1503,Разработчик,83331
1503,Сотрудник_1504,Менеджер,103391
1504,Сотрудник_1505,Тестировщик,76727
1505,Сотрудник_1506,Аналитик,67358
1506,Сотрудник_1507,Менеджер,83552
1507,Сотрудник_1508,Аналитик,109824
1508,Сотрудник_1509,Тестировщик,94895
1509,Сотрудник_1510,Тестировщик,78387
1510,Сотрудник_1511,Тестировщик,109010
1511,Сотрудник_1512,Разработчик,107825
1512,Сотрудник_1513,Тестировщик,57886
1513,Сотрудник_1514,Разработчик,56285
1514,Сотрудник_1515,Менеджер,90488
1515,Сотрудник_1516,Тестировщик,76314
1516,Сотрудник_1517,Менеджер,109900
1517,Сотрудник_1518,Разработчик,114712
1518,Сотрудник_1519,Аналитик,78348
1519,Сотрудник_1520,Менеджер,51082
1520,Сотрудник_1521,Разработчик,85477
1521,Сотрудник_1522,Менеджер,87589
1522,Сотрудник_1523,Менеджер,109671
1523,Сотрудник_1524,Тестировщик,114219
1524,Сотрудник_1525,Разработчик,76628
1525,Сотрудник_1526,Тестировщик,57002
1526,Сотрудник_1527,Тестировщик,72156
1527,Сотрудник_1528,Тестировщик,67232
1528,Сотрудник_1529,Разработчик,71351
1529,Сотрудник_1530,Разработчик,116365
1530,Сотрудник_1531,Аналитик,61040
1531,Сотрудник_1532,Тестировщик,114167
1532,Сотрудник_1533,Аналитик,75634
1533,Сотрудник_1534,Разработчик,118554
1534,Сотрудник_1535,Тестировщик,99422
1535,Сотрудник_1536,Тестировщик,52458
1536,Сотрудник_1537,Разработчик,60746
1537,Сотрудник_1538,Аналитик,91347
1538,Сотрудник_1539,Менеджер,92444
1539,Сотрудник_1540,Разработчик,84928
1540,Сотрудник_1541,Разработчик,100319
1541,Сотрудник_1542,Разработчик,110672
1542,Сотрудник_1543,Разработчик,82957
1543,Сотрудник_1544,Менеджер,100603
1544,Сотрудник_1545,Разработчик,60019
1545,Сотрудник_1546,Менеджер,53410
1546,Сотрудник_1547,Аналитик,75950
1547,Сотрудник_1548,Тестировщик,86151
1548,Сотрудник_1549,Аналитик,96599
1549,Сотрудник_1550,Разработчик,92398
1550,Сотрудник_1551,Разработчик,112297
1551,Сотрудник_1552,Менеджер,61322
1552,Сотрудник_1553,Тестировщик,97901
1553,Сотрудник_1554,Менеджер,84954
1554,Сотрудник_1555,Аналитик,66977
1555,Сотрудник_1556,Аналитик,55664
1556,Сотрудник_1557,Разработчик,106639
1557,Сотрудник_1558,Менеджер,96754
1558,Сотрудник_1559,Менеджер,73205
1559,Сотрудник_1560,Разработчик,90618
1560,Сотрудник_1561,Аналитик,102195
1561,Сотрудник_1562,Тестировщик,56970
1562,Сотрудник_1563,Аналитик,114146
1563,Сотрудник_1564,Разработчик,76302
1564,Сотрудник_1565,Разработчик,116813
1565,Сотрудник_1566,Разработчик,84999
1566,Сотрудник_1567,Менеджер,68946
1567,Сотрудник_1568,Разработчик,52789
1568,Сотрудник_1569,Аналитик,104415
1569,Сотрудник_1570,Тестировщик,80476
1570,Сотрудник_1571,Аналитик,52606
1571,Сотрудник_1572,Тестировщик,58899
1572,Сотрудник_1573,Тестировщик,78463
1573,Сотрудник_1574,Тестировщик,59310
1574,Сотрудник_1575,Менеджер,91100
1575,Сотрудник_1576,Разработчик,71885
1576,Сотрудник_1577,Разработчик,73440
1577,Сотрудник_1578,Аналитик,76840
1578,Сотрудник_1579,Аналитик,63069
1579,Сотрудник_1580,Тестировщик,77416
1580,Сотрудник_1581,Менеджер,70444
1581,Сотрудник_1582,Тестировщик,51506
1582,Сотрудник_1583,Аналитик,100780
1583,Сотрудник_1584,Аналитик,65470
1584,Сотрудник_1585,Разработчик,114189
1585,Сотрудник_1586,Менеджер,64489
1586,Сотрудник_1587,Менеджер,74715
1587,Сотрудник_1588,Менеджер,104127
1588,Сотрудник_1589,Разработчик,64639
1589,Сотрудник_1590,Разработчик,93131
1590,Сотрудник_1591,Менеджер,112819
1591,Сотрудник_1592,Тестировщик,69068
1592,Сотрудник_1593,Тестировщик,74474
1593,Сотрудник_1594,Разработчик,82271
1594,Сотрудник_1595,Разработчик,54619
1595,Сотрудник_1596,Аналитик,58190
1596,Сотрудник_1597,Менеджер,54075
1597,Сотрудник_1598,Тестировщик,58342
1598,Сотрудник_1599,Тестировщик,70218
1599,Сотрудник_1600,Менеджер,89958
1600,Сотрудник_1601,Тестировщик,93055
1601,Сотрудник_1602,Тестировщик,104213
1602,Сотрудник_1603,Аналитик,91588
1603,Сотрудник_1604,Разработчик,99707
1604,Сотрудник_1605,Тестировщик,80848
1605,Сотрудник_1606,Менеджер,64663
1606,Сотрудник_1607,Тестировщик,95044
1607,Сотрудник_1608,Разработчик,82388
1608,Сотрудник_1609,Тестировщик,97173
1609,Сотрудник_1610,Менеджер,53389
1610,Сотрудник_1611,Тестировщик,62334
1611,Сотрудник_1612,Тестировщик,90633
1612,Сотрудник_1613,Разработчик,63703
1613,Сотрудник_1614,Аналитик,76065
1614,Сотрудник_1615,Менеджер,85514
1615,Сотрудник_1616,Разработчик,82323
1616,Сотрудник_1617,Разработчик,91401
1617,Сотрудник_1618,Разработчик,91122
1618,Сотрудник_1619,Менеджер,119423
1619,Сотрудник_1620,Аналитик,87643
1620,Сотрудник_1621,Тестировщик,110141
1621,Сотрудник_1622,Тестировщик,65940
1622,Сотрудник_1623,Разработчик,68505
1623,Сотрудник_1624,Разработчик,57784
1624,Сотрудник_1625,Разработчик,53511
1625,Сотрудник_1626,Аналитик,93448
1626,Сотрудник_1627,Тестировщик,109131
1627,Сотрудник_1628,Разработчик,57725
1628,Сотрудник_1629,Тестировщик,80344
1629,Сотрудник_1630,Разработчик,54768
1630,Сотрудник_1631,Разработчик,114476
1631,Сотрудник_1632,Разработчик,69766
1632,Сотрудник_1633,Менеджер,54935
1633,Сотрудник_1634,Менеджер,93444
1634,Сотрудник_1635,Менеджер,87199
1635,Сотрудник_1636,Аналитик,96933
1636,Сотрудник_1637,Тестировщик,57236
1637,Сотрудник_1638,Аналитик,107239
1638,Сотрудник_1639,Менеджер,50935
1639,Сотрудник_1640,Тестировщик,93868
1640,Сотрудник_1641,Разработчик,56540
1641,Сотрудник_1642,Тестировщик,116511
1642,Сотрудник_1643,Менеджер,51788
1643,Сотрудник_1644,Менеджер,96526
1644,Сотрудник_1645,Менеджер,56833
1645,Сотрудник_1646,Аналитик,59964
1646,Сотрудник_1647,Разработчик,98629
1647,Сотрудник_1648,Аналитик,101949
1648,Сотрудник_1649,Тестировщик,102516
1649,Сотрудник_1650,Аналитик,58452
1650,Сотрудник_1651,Тестировщик,102772
1651,Сотрудник_1652,Менеджер,67878
1652,Сотрудник_1653,Разработчик,66142
1653,Сотрудник_1654,Менеджер,77804
1654,Сотрудник_1655,Менеджер,108742
1655,Сотрудник_1656,Менеджер,116158
1656,Сотрудник_1657,Разработчик,82245
1657,Сотрудник_1658,Менеджер,58989
1658,Сотрудник_1659,Аналитик,51660
1659,Сотрудник_1660,Менеджер,106342
1660,Сотрудник_1661,Менеджер,63776
1661,Сотрудник_1662,Аналитик,50383
1662,Сотрудник_1663,Аналитик,101694
1663,Сотрудник_1664,Аналитик,61690
1664,Сотрудник_1665,Тестировщик,112538
1665,Сотрудник_1666,Аналитик,81476
1666,Сотрудник_1667,Тестировщик,107610
1667,Сотрудник_1668,Аналитик,58701
1668,Сотрудник_1669,Менеджер,55785
1669,Сотрудник_1670,Тестировщик,75090
1670,Сотрудник_1671,Менеджер,118277
1671,Сотрудник_1672,Разработчик,70980
1672,Сотрудник_1673,Разработчик,96414
1673,Сотрудник_1674,Разработчик,70930
1674,Сотрудник_1675,Разработчик,75342
1675,Сотрудник_1676,Менеджер,77534
1676,Сотрудник_1677,Менеджер,102090
1677,Сотрудник_1678,Менеджер,114783
1678,Сотрудник_1679,Тестировщик,50921
1679,Сотрудник_1680,Тестировщик,99531
1680,Сотрудник_1681,Аналитик,68536
1681,Сотрудник_1682,Разработчик,85953
1682,Сотрудник_1683,Тестировщик,51321
1683,Сотрудник_1684,Разработчик,65731
1684,Сотрудник_1685,Разработчик,94200
1685,Сотрудник_1686,Разработчик,68380
1686,Сотрудник_1687,Тестировщик,104048
1687,Сотрудник_1688,Аналитик,68689
1688,Сотрудник_1689,Разработчик,55985
1689,Сотрудник_1690,Менеджер,110615
1690,Сотрудник_1691,Менеджер,114650
1691,Сотрудник_1692,Менеджер,116566
1692,Сотрудник_1693,Менеджер,60254
1693,Сотрудник_1694,Разработчик,116200
1694,Сотрудник_1695,Аналитик,114869
1695,Сотрудник_1696,Тестировщик,67466
1696,Сотрудник_1697,Тестировщик,112210
1697,Сотрудник_1698,Менеджер,113927
1698,Сотрудник_1699,Аналитик,119621
1699,Сотрудник_1700,Аналитик,78088
1700,Сотрудник_1701,Тестировщик,68503
1701,Сотрудник_1702,Тестировщик,84994
1702,Сотрудник_1703,Аналитик,107455
1703,Сотрудник_1704,Аналитик,97363
1704,Сотрудник_1705,Разработчик,102771
1705,Сотрудник_1706,Разработчик,55034
1706,Сотрудник_1707,Менеджер,105694
1707,Сотрудник_1708,Тестировщик,102943
1708,Сотрудник_1709,Аналитик,54762
1709,Сотрудник_1710,Тестировщик,66606
1710,Сотрудник_1711,Тестировщик,71460
1711,Сотрудник_1712,Менеджер,72004
1712,Сотрудник_1713,Тестировщик,119493
1713,Сотрудник_1714,Разработчик,82209
1714,Сотрудник_1715,Менеджер,92660
1715,Сотрудник_1716,Менеджер,85540
1716,Сотрудник_1717,Разработчик,101622
1717,Сотрудник_1718,Аналитик,70512
1718,Сотрудник_1719,Тестировщик,76513
1719,Сотрудник_1720,Аналитик,68239
1720,Сотрудник_1721,Аналитик,114155
1721,Сотрудник_1722,Аналитик,110006
1722,Сотрудник_1723,Аналитик,112986
1723,Сотрудник_1724,Менеджер,108381
1724,Сотрудник_1725,Разработчик,110216
1725,Сотрудник_1726,Тестировщик,97327
1726,Сотрудник_1727,Тестировщик,112263
1727,Сотрудник_1728,Разработчик,111036
1728,Сотрудник_1729,Разработчик,81514
1729,Сотрудник_1730,Менеджер,106507
1730,Сотрудник_1731,Тестировщик,115280
1731,Сотрудник_1732,Разработчик,94165
1732,Сотрудник_1733,Разработчик,115621
1733,Сотрудник_1734,Аналитик,62494
1734,Сотрудник_1735,Тестировщик,97954
1735,Сотрудник_1736,Разработчик,87214
1736,Сотрудник_1737,Разработчик,93322
1737,Сотрудник_1738,Менеджер,86877
1738,Сотрудник_1739,Аналитик,76806
1739,Сотрудник_1740,Разработчик,67885
1740,Сотрудник_1741,Разработчик,77479
1741,Сотрудник_1742,Менеджер,66791
1742,Сотрудник_1743,Аналитик,108091
1743,Сотрудник_1744,Разработчик,92061
1744,Сотрудник_1745,Аналитик,96921
1745,Сотрудник_1746,Разработчик,114862
1746,Сотрудник_1747,Менеджер,109906
1747,Сотрудник_1748,Аналитик,105448
1748,Сотрудник_1749,Тестировщик,115479
1749,Сотрудник_1750,Менеджер,86184
1750,Сотрудник_1751,Тестировщик,87514
1751,Сотрудник_1752,Тестировщик,115689
1752,Сотрудник_1753,Аналитик,60952
1753,Сотрудник_1754,Аналитик,58054
1754,Сотрудник_1755,Разработчик,118913
1755,Сотрудник_1756,Менеджер,99822
1756,Сотрудник_1757,Тестировщик,115732
1757,Сотрудник_1758,Тестировщик,106927
1758,Сотрудник_1759,Разработчик,65359
1759,Сотрудник_1760,Менеджер,118948
1760,Сотрудник_1761,Разработчик,115099
1761,Сотрудник_1762,Менеджер,104329
1762,Сотрудник_1763,Менеджер,96325
1763,Сотрудник_1764,Тестировщик,96504
1764,Сотрудник_1765,Менеджер,50336
1765,Сотрудник_1766,Тестировщик,98762
1766,Сотрудник_1767,Аналитик,96799
1767,Сотрудник_1768,Менеджер,90751
1768,Сотрудник_1769,Менеджер,109327
1769,Сотрудник_1770,Разработчик,82152
1770,Сотрудник_1771,Разработчик,80497
1771,Сотрудник_1772,Менеджер,60554
1772,Сотрудник_1773,Аналитик,112839
1773,Сотрудник_1774,Менеджер,98049
1774,Сотрудник_1775,Аналитик,101728
1775,Сотрудник_1776,Аналитик,56528
1776,Сотрудник_1777,Разработчик,58391
1777,Сотрудник_1778,Аналитик,53312
1778,Сотрудник_1779,Менеджер,96435
1779,Сотрудник_1780,Менеджер,74761
1780,Сотрудник_1781,Тестировщик,56890
1781,Сотрудник_1782,Аналитик,106001
1782,Сотрудник_1783,Менеджер,50790
1783,Сотрудник_1784,Тестировщик,59945
1784,Сотрудник_1785,Аналитик,110027
1785,Сотрудник_1786,Аналитик,83607
1786,Сотрудник_1787,Тестировщик,86668
1787,Сотрудник_1788,Менеджер,101645
1788,Сотрудник_1789,Менеджер,74231
1789,Сотрудник_1790,Тестировщик,118360
1790,Сотрудник_1791,Разработчик,97261
1791,Сотрудник_1792,Аналитик,68408
1792,Сотрудник_1793,Разработчик,109955
1793,Сотрудник_1794,Аналитик,93462
1794,Сотрудник_1795,Аналитик,118511
1795,Сотрудник_1796,Тестировщик,91624
1796,Сотрудник_1797,Менеджер,61617
1797,Сотрудник_1798,Аналитик,118699
1798,Сотрудник_1799,Разработчик,90365
1799,Сотрудник_1800,Тестировщик,70574
1800,Сотрудник_1801,Менеджер,99440
1801,Сотрудник_1802,Тестировщик,119435
1802,Сотрудник_1803,Тестировщик,100456
1803,Сотрудник_1804,Тестировщик,65533
1804,Сотрудник_1805,Аналитик,102145
1805,Сотрудник_1806,Разработчик,71607
1806,Сотрудник_1807,Аналитик,62631
1807,Сотрудник_1808,Тестировщик,107391
1808,Сотрудник_1809,Менеджер,75197
1809,Сотрудник_1810,Аналитик,94775
1810,Сотрудник_1811,Тестировщик,107885
1811,Сотрудник_1812,Тестировщик,78353
1812,Сотрудник_1813,Тестировщик,93459
1813,Сотрудник_1814,Разработчик,75470
1814,Сотрудник_1815,Тестировщик,93123
1815,Сотрудник_1816,Аналитик,111874
1816,Сотрудник_1817,Тестировщик,66610
1817,Сотрудник_1818,Тестировщик,90944
1818,Сотрудник_1819,Аналитик,95733
1819,Сотрудник_1820,Аналитик,103732
1820,Сотрудник_1821,Менеджер,56916
1821,Сотрудник_1822,Аналитик,91944
1822,Сотрудник_1823,Разработчик,109121
1823,Сотрудник_1824,Менеджер,109573
1824,Сотрудник_1825,Разработчик,90696
1825,Сотрудник_1826,Разработчик,63537
1826,Сотрудник_1827,Тестировщик,51465
1827,Сотрудник_1828,Менеджер,98855
1828,Сотрудник_1829,Менеджер,74557
1829,Сотрудник_1830,Аналитик,75006
1830,Сотрудник_1831,Менеджер,102225
1831,Сотрудник_1832,Менеджер,97578
1832,Сотрудник_1833,Тестировщик,79468
1833,Сотрудник_1834,Разработчик,87462
1834,Сотрудник_1835,Разработчик,98235
1835,Сотрудник_1836,Разработчик,50899
1836,Сотрудник_1837,Разработчик,81389
1837,Сотрудник_1838,Тестировщик,97304
1838,Сотрудник_1839,Тестировщик,95033
1839,Сотрудник_1840,Тестировщик,88548
1840,Сотрудник_1841,Аналитик,92573
1841,Сотрудник_1842,Тестировщик,93528
1842,Сотрудник_1843,Тестировщик,98830
1843,Сотрудник_1844,Разработчик,79411
1844,Сотрудник_1845,Аналитик,58792
1845,Сотрудник_1846,Разработчик,100189
1846,Сотрудник_1847,Разработчик,88391
1847,Сотрудник_1848,Аналитик,88307
1848,Сотрудник_1849,Менеджер,93481
1849,Сотрудник_1850,Аналитик,92609
1850,Сотрудник_1851,Тестировщик,99689
1851,Сотрудник_1852,Менеджер,103443
1852,Сотрудник_1853,Разработчик,83937
1853,Сотрудник_1854,Аналитик,91957
1854,Сотрудник_1855,Тестировщик,50061
1855,Сотрудник_1856,Тестировщик,106670
1856,Сотрудник_1857,Аналитик,99983
1857,Сотрудник_1858,Тестировщик,109979
1858,Сотрудник_1859,Тестировщик,72910
1859,Сотрудник_1860,Тестировщик,99097
1860,Сотрудник_1861,Менеджер,86643
1861,Сотрудник_1862,Тестировщик,98346
1862,Сотрудник_1863,Менеджер,79213
1863,Сотрудник_1864,Разработчик,70623
1864,Сотрудник_1865,Разработчик,86083
1865,Сотрудник_1866,Тестировщик,88419
1866,Сотрудник_1867,Менеджер,66813
1867,Сотрудник_1868,Аналитик,63532
1868,Сотрудник_1869,Разработчик,84563
1869,Сотрудник_1870,Аналитик,55699
1870,Сотрудник_1871,Аналитик,80666
1871,Сотрудник_1872,Менеджер,65333
1872,Сотрудник_1873,Разработчик,95969
1873,Сотрудник_1874,Тестировщик,119256
1874,Сотрудник_1875,Менеджер,87513
1875,Сотрудник_1876,Аналитик,70565
1876,Сотрудник_1877,Аналитик,112511
1877,Сотрудник_1878,Разработчик,63426
1878,Сотрудник_1879,Менеджер,74941
1879,Сотрудник_1880,Менеджер,100509
1880,Сотрудник_1881,Менеджер,76921
1881,Сотрудник_1882,Аналитик,82559
1882,Сотрудник_1883,Менеджер,82726
1883,Сотрудник_1884,Разработчик,113273
1884,Сотрудник_1885,Тестировщик,68203
1885,Сотрудник_1886,Менеджер,74308
1886,Сотрудник_1887,Аналитик,109356
1887,Сотрудник_1888,Разработчик,106185
1888,Сотрудник_1889,Тестировщик,113922
1889,Сотрудник_1890,Менеджер,59438
1890,Сотрудник_1891,Менеджер,113183
1891,Сотрудник_1892,Аналитик,93854
1892,Сотрудник_1893,Менеджер,110435
1893,Сотрудник_1894,Тестировщик,105248
1894,Сотрудник_1895,Разработчик,86795
1895,Сотрудник_1896,Аналитик,108003
1896,Сотрудник_1897,Тестировщик,110600
1897,Сотрудник_1898,Тестировщик,95873
1898,Сотрудник_1899,Аналитик,84347
1899,Сотрудник_1900,Тестировщик,55301
1900,Сотрудник_1901,Менеджер,90530
1901,Сотрудник_1902,Аналитик,109857
1902,Сотрудник_1903,Разработчик,54009
1903,Сотрудник_1904,Тестировщик,80622
1904,Сотрудник_1905,Разработчик,118324
1905,Сотрудник_1906,Аналитик,92288
1906,Сотрудник_1907,Тестировщик,83574
1907,Сотрудник_1908,Тестировщик,107035
1908,Сотрудник_1909,Разработчик,94705
1909,Сотрудник_1910,Менеджер,55992
1910,Сотрудник_1911,Аналитик,86528
1911,Сотрудник_1912,Разработчик,53804
1912,Сотрудник_1913,Менеджер,83914
1913,Сотрудник_1914,Менеджер,59585
1914,Сотрудник_1915,Аналитик,92593
1915,Сотрудник_1916,Аналитик,86194
1916,Сотрудник_1917,Разработчик,54081
1917,Сотрудник_1918,Менеджер,83937
1918,Сотрудник_1919,Тестировщик,87292
1919,Сотрудник_1920,Аналитик,107675
1920,Сотрудник_1921,Тестировщик,80049
1921,Сотрудник_1922,Аналитик,86533
1922,Сотрудник_1923,Разработчик,85175
1923,Сотрудник_1924,Разработчик,114169
1924,Сотрудник_1925,Тестировщик,64525
1925,Сотрудник_1926,Менеджер,52241
1926,Сотрудник_1927,Менеджер,97732
1927,Сотрудник_1928,Менеджер,118859
1928,Сотрудник_1929,Менеджер,82056
1929,Сотрудник_1930,Разработчик,106871
1930,Сотрудник_1931,Аналитик,78412
1931,Сотрудник_1932,Разработчик,97194
1932,Сотрудник_1933,Тестировщик,73465
1933,Сотрудник_1934,Разработчик,74260
1934,Сотрудник_1935,Менеджер,109160
1935,Сотрудник_1936,Тестировщик,89077
1936,Сотрудник_1937,Менеджер,87156
1937,Сотрудник_1938,Разработчик,96122
1938,Сотрудник_1939,Аналитик,50008
1939,Сотрудник_1940,Аналитик,76847
1940,Сотрудник_1941,Тестировщик,79601
1941,Сотрудник_1942,Тестировщик,62395
1942,Сотрудник_1943,Тестировщик,86503
1943,Сотрудник_1944,Разработчик,78017
1944,Сотрудник_1945,Менеджер,108401
1945,Сотрудник_1946,Тестировщик,108117
1946,Сотрудник_1947,Аналитик,89793
1947,Сотрудник_1948,Разработчик,74324
1948,Сотрудник_1949,Тестировщик,60849
1949,Сотрудник_1950,Разработчик,52184
1950,Сотрудник_1951,Тестировщик,53081
1951,Сотрудник_1952,Тестировщик,78772
1952,Сотрудник_1953,Менеджер,74097
1953,Сотрудник_1954,Аналитик,53487
1954,Сотрудник_1955,Менеджер,107967
1955,Сотрудник_1956,Разработчик,96776
1956,Сотрудник_1957,Разработчик,59737
1957,Сотрудник_1958,Тестировщик,76085
1958,Сотрудник_1959,Тестировщик,106985
1959,Сотрудник_1960,Аналитик,70187
1960,Сотрудник_1961,Менеджер,95371
1961,Сотрудник_1962,Менеджер,63759
1962,Сотрудник_1963,Тестировщик,75580
1963,Сотрудник_1964,Менеджер,55741
1964,Сотрудник_1965,Разработчик,107686
1965,Сотрудник_1966,Аналитик,80063
1966,Сотрудник_1967,Менеджер,63369
1967,Сотрудник_1968,Тестировщик,86018
1968,Сотрудник_1969,Тестировщик,95234
1969,Сотрудник_1970,Разработчик,90851
1970,Сотрудник_1971,Разработчик,74229
1971,Сотрудник_1972,Аналитик,63598
1972,Сотрудник_1973,Тестировщик,90165
1973,Сотрудник_1974,Разработчик,52793
1974,Сотрудник_1975,Разработчик,64177
1975,Сотрудник_1976,Разработчик,109048
1976,Сотрудник_1977,Тестировщик,54752
1977,Сотрудник_1978,Менеджер,78159
1978,Сотрудник_1979,Аналитик,75338
1979,Сотрудник_1980,Разработчик,95190
1980,Сотрудник_1981,Аналитик,98398
1981,Сотрудник_1982,Тестировщик,50738
1982,Сотрудник_1983,Аналитик,105737
1983,Сотрудник_1984,Менеджер,65415
1984,Сотрудник_1985,Разработчик,71176
1985,Сотрудник_1986,Разработчик,95184
1986,Сотрудник_1987,Аналитик,74665
1987,Сотрудник_1988,Тестировщик,102187
1988,Сотрудник_1989,Разработчик,111098
1989,Сотрудник_1990,Тестировщик,52992
1990,Сотрудник_1991,Аналитик,92050
1991,Сотрудник_1992,Тестировщик,74973
1992,Сотрудник_1993,Менеджер,84635
1993,Сотрудник_1994,Тестировщик,58367
1994,Сотрудник_1995,Разработчик,76937
1995,Сотрудник_1996,Разработчик,72440
1996,Сотрудник_1997,Тестировщик,95739
1997,Сотрудник_1998,Менеджер,107833
1998,Сотрудник_1999,Разработчик,76103
1999,Сотрудник_2000,Менеджер,95966
